--
-- PostgreSQL database dump
--

\restrict O2TSHAlyyBzTKWtY5NT1tjm6VUZEgzHGIqtTwdWfK1W19UVFH0ZVyGo1J5TTfcb

-- Dumped from database version 17.5 (6bc9ef8)
-- Dumped by pg_dump version 17.6

SET statement_timeout = 0;
SET lock_timeout = 0;
SET idle_in_transaction_session_timeout = 0;
SET transaction_timeout = 0;
SET client_encoding = 'UTF8';
SET standard_conforming_strings = on;
SELECT pg_catalog.set_config('search_path', '', false);
SET check_function_bodies = false;
SET xmloption = content;
SET client_min_messages = warning;
SET row_security = off;

DROP DATABASE IF EXISTS neondb;
--
-- Name: neondb; Type: DATABASE; Schema: -; Owner: neondb_owner
--

CREATE DATABASE neondb WITH TEMPLATE = template0 ENCODING = 'UTF8' LOCALE_PROVIDER = builtin LOCALE = 'C.UTF-8' BUILTIN_LOCALE = 'C.UTF-8';


ALTER DATABASE neondb OWNER TO neondb_owner;

\unrestrict O2TSHAlyyBzTKWtY5NT1tjm6VUZEgzHGIqtTwdWfK1W19UVFH0ZVyGo1J5TTfcb
\connect neondb
\restrict O2TSHAlyyBzTKWtY5NT1tjm6VUZEgzHGIqtTwdWfK1W19UVFH0ZVyGo1J5TTfcb

SET statement_timeout = 0;
SET lock_timeout = 0;
SET idle_in_transaction_session_timeout = 0;
SET transaction_timeout = 0;
SET client_encoding = 'UTF8';
SET standard_conforming_strings = on;
SELECT pg_catalog.set_config('search_path', '', false);
SET check_function_bodies = false;
SET xmloption = content;
SET client_min_messages = warning;
SET row_security = off;

--
-- Name: fn_recalc_folha_totais(integer); Type: FUNCTION; Schema: public; Owner: neondb_owner
--

CREATE FUNCTION public.fn_recalc_folha_totais(folha_id integer) RETURNS void
    LANGUAGE plpgsql
    AS $$
declare
  v_add numeric;
  v_disc numeric;
begin
  select coalesce(sum(valor), 0) into v_add from eventos_folha where folha_pagamento_id = folha_id and tipo = 'ADICIONAL';
  select coalesce(sum(valor), 0) into v_disc from eventos_folha where folha_pagamento_id = folha_id and tipo = 'DESCONTO';

  update folhas_pagamento fp
     set total_descontos = v_disc,
         salario_liquido = fp.salario_bruto + coalesce(v_add, 0) - coalesce(v_disc, 0)
   where fp.id = folha_id;
end;
$$;


ALTER FUNCTION public.fn_recalc_folha_totais(folha_id integer) OWNER TO neondb_owner;

--
-- Name: fn_trg_eventos_folha_recalc(); Type: FUNCTION; Schema: public; Owner: neondb_owner
--

CREATE FUNCTION public.fn_trg_eventos_folha_recalc() RETURNS trigger
    LANGUAGE plpgsql
    AS $$
declare
  v_fid integer;
begin
  v_fid := coalesce(NEW.folha_pagamento_id, OLD.folha_pagamento_id);
  perform fn_recalc_folha_totais(v_fid);
  if (TG_OP = 'DELETE') then
    return OLD;
  else
    return NEW;
  end if;
end;
$$;


ALTER FUNCTION public.fn_trg_eventos_folha_recalc() OWNER TO neondb_owner;

--
-- Name: fn_trg_funcionarios_hist(); Type: FUNCTION; Schema: public; Owner: neondb_owner
--

CREATE FUNCTION public.fn_trg_funcionarios_hist() RETURNS trigger
    LANGUAGE plpgsql
    AS $$
BEGIN
  -- Histórico salarial
  IF NEW.salario IS DISTINCT FROM OLD.salario THEN
    UPDATE historicos_salariais
      SET data_fim = COALESCE(data_fim, CURRENT_DATE)
      WHERE funcionario_id = OLD.id AND data_fim IS NULL;
    INSERT INTO historicos_salariais (funcionario_id, salario, data_inicio, motivo)
      VALUES (NEW.id, NEW.salario, CURRENT_DATE, 'Ajuste salarial');
  END IF;

  -- Histórico de cargos
  IF NEW.cargo_id IS DISTINCT FROM OLD.cargo_id THEN
    UPDATE historicos_cargos
      SET data_fim = COALESCE(data_fim, CURRENT_DATE)
      WHERE funcionario_id = OLD.id AND data_fim IS NULL;
    INSERT INTO historicos_cargos (funcionario_id, cargo_id, data_inicio, observacoes)
      VALUES (NEW.id, NEW.cargo_id, CURRENT_DATE, 'Mudança de cargo');
  END IF;

  RETURN NEW;
END;
$$;


ALTER FUNCTION public.fn_trg_funcionarios_hist() OWNER TO neondb_owner;

SET default_tablespace = '';

SET default_table_access_method = heap;

--
-- Name: acordos_regulatorios; Type: TABLE; Schema: public; Owner: neondb_owner
--

CREATE TABLE public.acordos_regulatorios (
    id integer NOT NULL,
    nome text NOT NULL,
    jurisdicao text NOT NULL,
    status text NOT NULL,
    descricao text,
    CONSTRAINT acordos_regulatorios_status_check CHECK ((status = ANY (ARRAY['VIGENTE'::text, 'SUSPENSO'::text, 'REVOGADO'::text])))
);


ALTER TABLE public.acordos_regulatorios OWNER TO neondb_owner;

--
-- Name: acordos_regulatorios_id_seq; Type: SEQUENCE; Schema: public; Owner: neondb_owner
--

ALTER TABLE public.acordos_regulatorios ALTER COLUMN id ADD GENERATED BY DEFAULT AS IDENTITY (
    SEQUENCE NAME public.acordos_regulatorios_id_seq
    START WITH 1
    INCREMENT BY 1
    NO MINVALUE
    NO MAXVALUE
    CACHE 1
);


--
-- Name: ameacas; Type: TABLE; Schema: public; Owner: neondb_owner
--

CREATE TABLE public.ameacas (
    id integer NOT NULL,
    nome text NOT NULL,
    classe text,
    planeta text DEFAULT 'Terra'::text,
    nivel integer,
    status text NOT NULL,
    recompensa numeric(38,2),
    CONSTRAINT ameacas_classe_check CHECK ((classe = ANY (ARRAY['VILAO'::text, 'ORGANIZACAO'::text, 'ENTIDADE'::text, 'CATASTROFE'::text, 'INVASAO'::text]))),
    CONSTRAINT ameacas_nivel_check CHECK (((nivel >= 1) AND (nivel <= 7))),
    CONSTRAINT ameacas_status_check CHECK ((status = ANY (ARRAY['LIVRE'::text, 'EM_OBSERVACAO'::text, 'CONFRONTO'::text, 'CAPTURADO'::text, 'ELIMINADO'::text])))
);


ALTER TABLE public.ameacas OWNER TO neondb_owner;

--
-- Name: ameacas_id_seq; Type: SEQUENCE; Schema: public; Owner: neondb_owner
--

ALTER TABLE public.ameacas ALTER COLUMN id ADD GENERATED BY DEFAULT AS IDENTITY (
    SEQUENCE NAME public.ameacas_id_seq
    START WITH 1
    INCREMENT BY 1
    NO MINVALUE
    NO MAXVALUE
    CACHE 1
);


--
-- Name: base_acessos; Type: TABLE; Schema: public; Owner: neondb_owner
--

CREATE TABLE public.base_acessos (
    id integer NOT NULL,
    base_id integer NOT NULL,
    funcionario_id integer NOT NULL,
    nivel_acesso text NOT NULL,
    ativo boolean DEFAULT true NOT NULL,
    CONSTRAINT base_acessos_nivel_acesso_check CHECK ((nivel_acesso = ANY (ARRAY['VISITANTE'::text, 'OPERADOR'::text, 'COMANDO'::text])))
);


ALTER TABLE public.base_acessos OWNER TO neondb_owner;

--
-- Name: base_acessos_id_seq; Type: SEQUENCE; Schema: public; Owner: neondb_owner
--

ALTER TABLE public.base_acessos ALTER COLUMN id ADD GENERATED BY DEFAULT AS IDENTITY (
    SEQUENCE NAME public.base_acessos_id_seq
    START WITH 1
    INCREMENT BY 1
    NO MINVALUE
    NO MAXVALUE
    CACHE 1
);


--
-- Name: bases; Type: TABLE; Schema: public; Owner: neondb_owner
--

CREATE TABLE public.bases (
    id integer NOT NULL,
    nome text NOT NULL,
    tipo text,
    sigilo text,
    latitude numeric,
    longitude numeric,
    planeta text DEFAULT 'Terra'::text,
    CONSTRAINT bases_sigilo_check CHECK ((sigilo = ANY (ARRAY['PUBLICA'::text, 'CONFIDENCIAL'::text, 'SECRETA'::text, 'ULTRA_SECRETA'::text]))),
    CONSTRAINT bases_tipo_check CHECK ((tipo = ANY (ARRAY['TERRESTRE'::text, 'ORBITAL'::text, 'SUBTERRANEA'::text, 'SUBAQUATICA'::text, 'MOVEL'::text, 'OTHER'::text])))
);


ALTER TABLE public.bases OWNER TO neondb_owner;

--
-- Name: bases_id_seq; Type: SEQUENCE; Schema: public; Owner: neondb_owner
--

ALTER TABLE public.bases ALTER COLUMN id ADD GENERATED BY DEFAULT AS IDENTITY (
    SEQUENCE NAME public.bases_id_seq
    START WITH 1
    INCREMENT BY 1
    NO MINVALUE
    NO MAXVALUE
    CACHE 1
);


--
-- Name: cargos; Type: TABLE; Schema: public; Owner: neondb_owner
--

CREATE TABLE public.cargos (
    id integer NOT NULL,
    nome text NOT NULL,
    nivel text NOT NULL,
    descricao text,
    salario_minimo numeric,
    salario_maximo numeric
);


ALTER TABLE public.cargos OWNER TO neondb_owner;

--
-- Name: cargos_id_seq; Type: SEQUENCE; Schema: public; Owner: neondb_owner
--

CREATE SEQUENCE public.cargos_id_seq
    AS integer
    START WITH 1
    INCREMENT BY 1
    NO MINVALUE
    NO MAXVALUE
    CACHE 1;


ALTER SEQUENCE public.cargos_id_seq OWNER TO neondb_owner;

--
-- Name: cargos_id_seq; Type: SEQUENCE OWNED BY; Schema: public; Owner: neondb_owner
--

ALTER SEQUENCE public.cargos_id_seq OWNED BY public.cargos.id;


--
-- Name: departamentos; Type: TABLE; Schema: public; Owner: neondb_owner
--

CREATE TABLE public.departamentos (
    id integer NOT NULL,
    nome text NOT NULL,
    codigo character varying(20) NOT NULL,
    responsavel_id integer
);


ALTER TABLE public.departamentos OWNER TO neondb_owner;

--
-- Name: departamentos_id_seq; Type: SEQUENCE; Schema: public; Owner: neondb_owner
--

CREATE SEQUENCE public.departamentos_id_seq
    AS integer
    START WITH 1
    INCREMENT BY 1
    NO MINVALUE
    NO MAXVALUE
    CACHE 1;


ALTER SEQUENCE public.departamentos_id_seq OWNER TO neondb_owner;

--
-- Name: departamentos_id_seq; Type: SEQUENCE OWNED BY; Schema: public; Owner: neondb_owner
--

ALTER SEQUENCE public.departamentos_id_seq OWNED BY public.departamentos.id;


--
-- Name: dependentes; Type: TABLE; Schema: public; Owner: neondb_owner
--

CREATE TABLE public.dependentes (
    id integer NOT NULL,
    nome_completo text NOT NULL,
    parentesco text NOT NULL,
    data_nascimento date NOT NULL,
    funcionario_id integer NOT NULL
);


ALTER TABLE public.dependentes OWNER TO neondb_owner;

--
-- Name: dependentes_id_seq; Type: SEQUENCE; Schema: public; Owner: neondb_owner
--

CREATE SEQUENCE public.dependentes_id_seq
    AS integer
    START WITH 1
    INCREMENT BY 1
    NO MINVALUE
    NO MAXVALUE
    CACHE 1;


ALTER SEQUENCE public.dependentes_id_seq OWNER TO neondb_owner;

--
-- Name: dependentes_id_seq; Type: SEQUENCE OWNED BY; Schema: public; Owner: neondb_owner
--

ALTER SEQUENCE public.dependentes_id_seq OWNED BY public.dependentes.id;


--
-- Name: enderecos; Type: TABLE; Schema: public; Owner: neondb_owner
--

CREATE TABLE public.enderecos (
    id integer NOT NULL,
    logradouro text NOT NULL,
    numero character varying(50) NOT NULL,
    complemento text,
    bairro text NOT NULL,
    cidade text NOT NULL,
    estado character varying(2) NOT NULL,
    cep character varying(20) NOT NULL,
    funcionario_id integer NOT NULL
);


ALTER TABLE public.enderecos OWNER TO neondb_owner;

--
-- Name: enderecos_id_seq; Type: SEQUENCE; Schema: public; Owner: neondb_owner
--

CREATE SEQUENCE public.enderecos_id_seq
    AS integer
    START WITH 1
    INCREMENT BY 1
    NO MINVALUE
    NO MAXVALUE
    CACHE 1;


ALTER SEQUENCE public.enderecos_id_seq OWNER TO neondb_owner;

--
-- Name: enderecos_id_seq; Type: SEQUENCE OWNED BY; Schema: public; Owner: neondb_owner
--

ALTER SEQUENCE public.enderecos_id_seq OWNED BY public.enderecos.id;


--
-- Name: equipamento_alocacoes; Type: TABLE; Schema: public; Owner: neondb_owner
--

CREATE TABLE public.equipamento_alocacoes (
    id integer NOT NULL,
    equipamento_id integer NOT NULL,
    funcionario_id integer NOT NULL,
    inicio timestamp with time zone DEFAULT now() NOT NULL,
    fim timestamp with time zone,
    status text,
    CONSTRAINT equipamento_alocacoes_status_check CHECK ((status = ANY (ARRAY['ATIVO'::text, 'DEVOLVIDO'::text, 'PERDIDO'::text, 'DANIFICADO'::text])))
);


ALTER TABLE public.equipamento_alocacoes OWNER TO neondb_owner;

--
-- Name: equipamento_alocacoes_id_seq; Type: SEQUENCE; Schema: public; Owner: neondb_owner
--

ALTER TABLE public.equipamento_alocacoes ALTER COLUMN id ADD GENERATED BY DEFAULT AS IDENTITY (
    SEQUENCE NAME public.equipamento_alocacoes_id_seq
    START WITH 1
    INCREMENT BY 1
    NO MINVALUE
    NO MAXVALUE
    CACHE 1
);


--
-- Name: equipamentos; Type: TABLE; Schema: public; Owner: neondb_owner
--

CREATE TABLE public.equipamentos (
    id integer NOT NULL,
    nome text NOT NULL,
    tipo text,
    resistencia integer,
    proprietario_id integer,
    status text NOT NULL,
    CONSTRAINT equipamentos_resistencia_check CHECK (((resistencia >= 1) AND (resistencia <= 10))),
    CONSTRAINT equipamentos_status_check CHECK ((status = ANY (ARRAY['EM_USO'::text, 'ESTOQUE'::text, 'MANUTENCAO'::text, 'QUEBRADO'::text, 'PERDIDO'::text]))),
    CONSTRAINT equipamentos_tipo_check CHECK ((tipo = ANY (ARRAY['ARMADURA'::text, 'ARMA'::text, 'GADGET'::text, 'ARTEFATO'::text, 'OUTRO'::text])))
);


ALTER TABLE public.equipamentos OWNER TO neondb_owner;

--
-- Name: equipamentos_id_seq; Type: SEQUENCE; Schema: public; Owner: neondb_owner
--

ALTER TABLE public.equipamentos ALTER COLUMN id ADD GENERATED BY DEFAULT AS IDENTITY (
    SEQUENCE NAME public.equipamentos_id_seq
    START WITH 1
    INCREMENT BY 1
    NO MINVALUE
    NO MAXVALUE
    CACHE 1
);


--
-- Name: equipe_membros; Type: TABLE; Schema: public; Owner: neondb_owner
--

CREATE TABLE public.equipe_membros (
    id integer NOT NULL,
    equipe_id integer NOT NULL,
    funcionario_id integer NOT NULL,
    papel text,
    data_entrada date DEFAULT CURRENT_DATE NOT NULL,
    data_saida date,
    CONSTRAINT equipe_membros_papel_check CHECK ((papel = ANY (ARRAY['LIDER'::text, 'CO-LIDER'::text, 'OPERACIONAL'::text, 'SUPORTE'::text, 'CONSULTOR'::text])))
);


ALTER TABLE public.equipe_membros OWNER TO neondb_owner;

--
-- Name: equipe_membros_id_seq; Type: SEQUENCE; Schema: public; Owner: neondb_owner
--

ALTER TABLE public.equipe_membros ALTER COLUMN id ADD GENERATED BY DEFAULT AS IDENTITY (
    SEQUENCE NAME public.equipe_membros_id_seq
    START WITH 1
    INCREMENT BY 1
    NO MINVALUE
    NO MAXVALUE
    CACHE 1
);


--
-- Name: equipes; Type: TABLE; Schema: public; Owner: neondb_owner
--

CREATE TABLE public.equipes (
    id integer NOT NULL,
    nome text NOT NULL,
    sigla character varying(12),
    base_principal_id integer,
    status text NOT NULL,
    CONSTRAINT equipes_status_check CHECK ((status = ANY (ARRAY['ATIVA'::text, 'RESERVA'::text, 'DISSOLVIDA'::text])))
);


ALTER TABLE public.equipes OWNER TO neondb_owner;

--
-- Name: equipes_id_seq; Type: SEQUENCE; Schema: public; Owner: neondb_owner
--

ALTER TABLE public.equipes ALTER COLUMN id ADD GENERATED BY DEFAULT AS IDENTITY (
    SEQUENCE NAME public.equipes_id_seq
    START WITH 1
    INCREMENT BY 1
    NO MINVALUE
    NO MAXVALUE
    CACHE 1
);


--
-- Name: eventos_folha; Type: TABLE; Schema: public; Owner: neondb_owner
--

CREATE TABLE public.eventos_folha (
    id integer NOT NULL,
    descricao text NOT NULL,
    tipo text NOT NULL,
    valor numeric(38,2) NOT NULL,
    folha_pagamento_id integer NOT NULL
);


ALTER TABLE public.eventos_folha OWNER TO neondb_owner;

--
-- Name: eventos_folha_id_seq; Type: SEQUENCE; Schema: public; Owner: neondb_owner
--

CREATE SEQUENCE public.eventos_folha_id_seq
    AS integer
    START WITH 1
    INCREMENT BY 1
    NO MINVALUE
    NO MAXVALUE
    CACHE 1;


ALTER SEQUENCE public.eventos_folha_id_seq OWNER TO neondb_owner;

--
-- Name: eventos_folha_id_seq; Type: SEQUENCE OWNED BY; Schema: public; Owner: neondb_owner
--

ALTER SEQUENCE public.eventos_folha_id_seq OWNED BY public.eventos_folha.id;


--
-- Name: ferias_afastamentos; Type: TABLE; Schema: public; Owner: neondb_owner
--

CREATE TABLE public.ferias_afastamentos (
    id integer NOT NULL,
    tipo text NOT NULL,
    data_inicio date NOT NULL,
    data_fim date NOT NULL,
    observacoes text,
    funcionario_id integer NOT NULL
);


ALTER TABLE public.ferias_afastamentos OWNER TO neondb_owner;

--
-- Name: ferias_afastamentos_id_seq; Type: SEQUENCE; Schema: public; Owner: neondb_owner
--

CREATE SEQUENCE public.ferias_afastamentos_id_seq
    AS integer
    START WITH 1
    INCREMENT BY 1
    NO MINVALUE
    NO MAXVALUE
    CACHE 1;


ALTER SEQUENCE public.ferias_afastamentos_id_seq OWNER TO neondb_owner;

--
-- Name: ferias_afastamentos_id_seq; Type: SEQUENCE OWNED BY; Schema: public; Owner: neondb_owner
--

ALTER SEQUENCE public.ferias_afastamentos_id_seq OWNED BY public.ferias_afastamentos.id;


--
-- Name: folhas_pagamento; Type: TABLE; Schema: public; Owner: neondb_owner
--

CREATE TABLE public.folhas_pagamento (
    id integer NOT NULL,
    ano integer NOT NULL,
    mes integer NOT NULL,
    salario_bruto numeric(38,2) NOT NULL,
    total_descontos numeric(38,2) NOT NULL,
    salario_liquido numeric(38,2) NOT NULL,
    data_pagamento date NOT NULL,
    funcionario_id integer NOT NULL
);


ALTER TABLE public.folhas_pagamento OWNER TO neondb_owner;

--
-- Name: folhas_pagamento_id_seq; Type: SEQUENCE; Schema: public; Owner: neondb_owner
--

CREATE SEQUENCE public.folhas_pagamento_id_seq
    AS integer
    START WITH 1
    INCREMENT BY 1
    NO MINVALUE
    NO MAXVALUE
    CACHE 1;


ALTER SEQUENCE public.folhas_pagamento_id_seq OWNER TO neondb_owner;

--
-- Name: folhas_pagamento_id_seq; Type: SEQUENCE OWNED BY; Schema: public; Owner: neondb_owner
--

ALTER SEQUENCE public.folhas_pagamento_id_seq OWNED BY public.folhas_pagamento.id;


--
-- Name: funcionario_habilidades; Type: TABLE; Schema: public; Owner: neondb_owner
--

CREATE TABLE public.funcionario_habilidades (
    id integer NOT NULL,
    funcionario_id integer NOT NULL,
    habilidade_id integer NOT NULL,
    proficiencia integer NOT NULL,
    origem text,
    CONSTRAINT funcionario_habilidades_origem_check CHECK ((origem = ANY (ARRAY['NATURAL'::text, 'EXPERIMENTO'::text, 'TECNOLOGIA'::text, 'TREINAMENTO'::text, 'MISTICO'::text, 'ALIEN'::text, 'OUTRO'::text]))),
    CONSTRAINT funcionario_habilidades_proficiencia_check CHECK (((proficiencia >= 1) AND (proficiencia <= 100)))
);


ALTER TABLE public.funcionario_habilidades OWNER TO neondb_owner;

--
-- Name: funcionario_habilidades_id_seq; Type: SEQUENCE; Schema: public; Owner: neondb_owner
--

ALTER TABLE public.funcionario_habilidades ALTER COLUMN id ADD GENERATED BY DEFAULT AS IDENTITY (
    SEQUENCE NAME public.funcionario_habilidades_id_seq
    START WITH 1
    INCREMENT BY 1
    NO MINVALUE
    NO MAXVALUE
    CACHE 1
);


--
-- Name: funcionarios; Type: TABLE; Schema: public; Owner: neondb_owner
--

CREATE TABLE public.funcionarios (
    id integer NOT NULL,
    nome_completo text NOT NULL,
    cpf character varying(11) NOT NULL,
    data_nascimento date NOT NULL,
    email text NOT NULL,
    telefone character varying(30) NOT NULL,
    salario numeric NOT NULL,
    data_admissao date NOT NULL,
    ativo boolean NOT NULL,
    cargo_id integer NOT NULL,
    departamento_id integer NOT NULL,
    foto_perfil_url text,
    estado_civil text,
    pais_nascimento text,
    cidade_nascimento text,
    CONSTRAINT funcionarios_estado_civil_chk CHECK (((estado_civil IS NULL) OR (estado_civil = ANY (ARRAY['SOLTEIRO'::text, 'CASADO'::text, 'DIVORCIADO'::text, 'VIUVO'::text, 'UNIAO_ESTAVEL'::text]))))
);


ALTER TABLE public.funcionarios OWNER TO neondb_owner;

--
-- Name: funcionarios_id_seq; Type: SEQUENCE; Schema: public; Owner: neondb_owner
--

CREATE SEQUENCE public.funcionarios_id_seq
    AS integer
    START WITH 1
    INCREMENT BY 1
    NO MINVALUE
    NO MAXVALUE
    CACHE 1;


ALTER SEQUENCE public.funcionarios_id_seq OWNER TO neondb_owner;

--
-- Name: funcionarios_id_seq; Type: SEQUENCE OWNED BY; Schema: public; Owner: neondb_owner
--

ALTER SEQUENCE public.funcionarios_id_seq OWNED BY public.funcionarios.id;


--
-- Name: habilidades; Type: TABLE; Schema: public; Owner: neondb_owner
--

CREATE TABLE public.habilidades (
    id integer NOT NULL,
    nome text NOT NULL,
    categoria text,
    descricao text,
    nivel_poder integer,
    CONSTRAINT habilidades_categoria_check CHECK ((categoria = ANY (ARRAY['FISICA'::text, 'MENTAL'::text, 'TECNOLOGICA'::text, 'MISTICA'::text, 'ALIEN'::text, 'BIOQUIMICA'::text]))),
    CONSTRAINT habilidades_nivel_poder_check CHECK (((nivel_poder >= 1) AND (nivel_poder <= 10)))
);


ALTER TABLE public.habilidades OWNER TO neondb_owner;

--
-- Name: habilidades_id_seq; Type: SEQUENCE; Schema: public; Owner: neondb_owner
--

ALTER TABLE public.habilidades ALTER COLUMN id ADD GENERATED BY DEFAULT AS IDENTITY (
    SEQUENCE NAME public.habilidades_id_seq
    START WITH 1
    INCREMENT BY 1
    NO MINVALUE
    NO MAXVALUE
    CACHE 1
);


--
-- Name: historicos_cargos; Type: TABLE; Schema: public; Owner: neondb_owner
--

CREATE TABLE public.historicos_cargos (
    id integer NOT NULL,
    funcionario_id integer NOT NULL,
    cargo_id integer NOT NULL,
    data_inicio date NOT NULL,
    data_fim date,
    observacoes text
);


ALTER TABLE public.historicos_cargos OWNER TO neondb_owner;

--
-- Name: historicos_cargos_id_seq; Type: SEQUENCE; Schema: public; Owner: neondb_owner
--

CREATE SEQUENCE public.historicos_cargos_id_seq
    AS integer
    START WITH 1
    INCREMENT BY 1
    NO MINVALUE
    NO MAXVALUE
    CACHE 1;


ALTER SEQUENCE public.historicos_cargos_id_seq OWNER TO neondb_owner;

--
-- Name: historicos_cargos_id_seq; Type: SEQUENCE OWNED BY; Schema: public; Owner: neondb_owner
--

ALTER SEQUENCE public.historicos_cargos_id_seq OWNED BY public.historicos_cargos.id;


--
-- Name: historicos_salariais; Type: TABLE; Schema: public; Owner: neondb_owner
--

CREATE TABLE public.historicos_salariais (
    id integer NOT NULL,
    funcionario_id integer NOT NULL,
    salario numeric(38,2) NOT NULL,
    data_inicio date NOT NULL,
    data_fim date,
    motivo text
);


ALTER TABLE public.historicos_salariais OWNER TO neondb_owner;

--
-- Name: historicos_salariais_id_seq; Type: SEQUENCE; Schema: public; Owner: neondb_owner
--

CREATE SEQUENCE public.historicos_salariais_id_seq
    AS integer
    START WITH 1
    INCREMENT BY 1
    NO MINVALUE
    NO MAXVALUE
    CACHE 1;


ALTER SEQUENCE public.historicos_salariais_id_seq OWNER TO neondb_owner;

--
-- Name: historicos_salariais_id_seq; Type: SEQUENCE OWNED BY; Schema: public; Owner: neondb_owner
--

ALTER SEQUENCE public.historicos_salariais_id_seq OWNED BY public.historicos_salariais.id;


--
-- Name: identidades_secretas; Type: TABLE; Schema: public; Owner: neondb_owner
--

CREATE TABLE public.identidades_secretas (
    id integer NOT NULL,
    funcionario_id integer NOT NULL,
    codinome text NOT NULL,
    universo text NOT NULL,
    exposicao_publica boolean DEFAULT false NOT NULL
);


ALTER TABLE public.identidades_secretas OWNER TO neondb_owner;

--
-- Name: identidades_secretas_id_seq; Type: SEQUENCE; Schema: public; Owner: neondb_owner
--

ALTER TABLE public.identidades_secretas ALTER COLUMN id ADD GENERATED BY DEFAULT AS IDENTITY (
    SEQUENCE NAME public.identidades_secretas_id_seq
    START WITH 1
    INCREMENT BY 1
    NO MINVALUE
    NO MAXVALUE
    CACHE 1
);


--
-- Name: incidentes; Type: TABLE; Schema: public; Owner: neondb_owner
--

CREATE TABLE public.incidentes (
    id integer NOT NULL,
    missao_id integer,
    descricao text NOT NULL,
    severidade text,
    local text,
    ocorrido_em timestamp with time zone DEFAULT now() NOT NULL,
    danos_civis numeric,
    feridos integer,
    mortos integer,
    CONSTRAINT incidentes_severidade_check CHECK ((severidade = ANY (ARRAY['BAIXA'::text, 'MEDIA'::text, 'ALTA'::text, 'CRITICA'::text])))
);


ALTER TABLE public.incidentes OWNER TO neondb_owner;

--
-- Name: incidentes_id_seq; Type: SEQUENCE; Schema: public; Owner: neondb_owner
--

ALTER TABLE public.incidentes ALTER COLUMN id ADD GENERATED BY DEFAULT AS IDENTITY (
    SEQUENCE NAME public.incidentes_id_seq
    START WITH 1
    INCREMENT BY 1
    NO MINVALUE
    NO MAXVALUE
    CACHE 1
);


--
-- Name: indenizacoes; Type: TABLE; Schema: public; Owner: neondb_owner
--

CREATE TABLE public.indenizacoes (
    id integer NOT NULL,
    incidente_id integer NOT NULL,
    valor numeric NOT NULL,
    pago boolean DEFAULT false NOT NULL,
    seguradora text,
    processo_num text
);


ALTER TABLE public.indenizacoes OWNER TO neondb_owner;

--
-- Name: indenizacoes_id_seq; Type: SEQUENCE; Schema: public; Owner: neondb_owner
--

ALTER TABLE public.indenizacoes ALTER COLUMN id ADD GENERATED BY DEFAULT AS IDENTITY (
    SEQUENCE NAME public.indenizacoes_id_seq
    START WITH 1
    INCREMENT BY 1
    NO MINVALUE
    NO MAXVALUE
    CACHE 1
);


--
-- Name: licencas_operacao; Type: TABLE; Schema: public; Owner: neondb_owner
--

CREATE TABLE public.licencas_operacao (
    id integer NOT NULL,
    acordo_id integer NOT NULL,
    funcionario_id integer,
    equipe_id integer,
    nivel text,
    valido_de date NOT NULL,
    valido_ate date,
    CONSTRAINT licencas_operacao_check CHECK (((funcionario_id IS NOT NULL) OR (equipe_id IS NOT NULL))),
    CONSTRAINT licencas_operacao_nivel_check CHECK ((nivel = ANY (ARRAY['LOCAL'::text, 'NACIONAL'::text, 'GLOBAL'::text, 'EXTRATERRESTRE'::text])))
);


ALTER TABLE public.licencas_operacao OWNER TO neondb_owner;

--
-- Name: licencas_operacao_id_seq; Type: SEQUENCE; Schema: public; Owner: neondb_owner
--

ALTER TABLE public.licencas_operacao ALTER COLUMN id ADD GENERATED BY DEFAULT AS IDENTITY (
    SEQUENCE NAME public.licencas_operacao_id_seq
    START WITH 1
    INCREMENT BY 1
    NO MINVALUE
    NO MAXVALUE
    CACHE 1
);


--
-- Name: mencoes_midia; Type: TABLE; Schema: public; Owner: neondb_owner
--

CREATE TABLE public.mencoes_midia (
    id integer NOT NULL,
    funcionario_id integer,
    veiculo text NOT NULL,
    sentimento text,
    url text,
    publicado_em timestamp with time zone DEFAULT now(),
    CONSTRAINT mencoes_midia_sentimento_check CHECK ((sentimento = ANY (ARRAY['NEG'::text, 'NEU'::text, 'POS'::text])))
);


ALTER TABLE public.mencoes_midia OWNER TO neondb_owner;

--
-- Name: mencoes_midia_id_seq; Type: SEQUENCE; Schema: public; Owner: neondb_owner
--

ALTER TABLE public.mencoes_midia ALTER COLUMN id ADD GENERATED BY DEFAULT AS IDENTITY (
    SEQUENCE NAME public.mencoes_midia_id_seq
    START WITH 1
    INCREMENT BY 1
    NO MINVALUE
    NO MAXVALUE
    CACHE 1
);


--
-- Name: missao_eventos; Type: TABLE; Schema: public; Owner: neondb_owner
--

CREATE TABLE public.missao_eventos (
    id integer NOT NULL,
    missao_id integer NOT NULL,
    ocorrido_em timestamp with time zone DEFAULT now() NOT NULL,
    tipo text,
    descricao text,
    CONSTRAINT missao_eventos_tipo_check CHECK ((tipo = ANY (ARRAY['CONTATO'::text, 'COMBATE'::text, 'EXFIL'::text, 'EXTRA'::text, 'INTEL'::text, 'S.O.S'::text])))
);


ALTER TABLE public.missao_eventos OWNER TO neondb_owner;

--
-- Name: missao_eventos_id_seq; Type: SEQUENCE; Schema: public; Owner: neondb_owner
--

ALTER TABLE public.missao_eventos ALTER COLUMN id ADD GENERATED BY DEFAULT AS IDENTITY (
    SEQUENCE NAME public.missao_eventos_id_seq
    START WITH 1
    INCREMENT BY 1
    NO MINVALUE
    NO MAXVALUE
    CACHE 1
);


--
-- Name: missao_participantes; Type: TABLE; Schema: public; Owner: neondb_owner
--

CREATE TABLE public.missao_participantes (
    id integer NOT NULL,
    missao_id integer NOT NULL,
    funcionario_id integer NOT NULL,
    papel text,
    resultado text,
    CONSTRAINT missao_participantes_papel_check CHECK ((papel = ANY (ARRAY['LIDER'::text, 'COMBATE'::text, 'SUPORTE'::text, 'INTEL'::text, 'NEGOCIACAO'::text]))),
    CONSTRAINT missao_participantes_resultado_check CHECK ((resultado = ANY (ARRAY['OK'::text, 'FERIDO'::text, 'DESAPARECIDO'::text, 'MORTO'::text, 'N/A'::text])))
);


ALTER TABLE public.missao_participantes OWNER TO neondb_owner;

--
-- Name: missao_participantes_id_seq; Type: SEQUENCE; Schema: public; Owner: neondb_owner
--

ALTER TABLE public.missao_participantes ALTER COLUMN id ADD GENERATED BY DEFAULT AS IDENTITY (
    SEQUENCE NAME public.missao_participantes_id_seq
    START WITH 1
    INCREMENT BY 1
    NO MINVALUE
    NO MAXVALUE
    CACHE 1
);


--
-- Name: missoes; Type: TABLE; Schema: public; Owner: neondb_owner
--

CREATE TABLE public.missoes (
    id integer NOT NULL,
    titulo text NOT NULL,
    objetivo text,
    prioridade text NOT NULL,
    status text NOT NULL,
    local text,
    ameaca_id integer,
    inicio_prev timestamp with time zone,
    fim_prev timestamp with time zone,
    inicio_real timestamp with time zone,
    fim_real timestamp with time zone,
    CONSTRAINT missoes_prioridade_check CHECK ((prioridade = ANY (ARRAY['BAIXA'::text, 'MEDIA'::text, 'ALTA'::text, 'CRITICA'::text]))),
    CONSTRAINT missoes_status_check CHECK ((status = ANY (ARRAY['PLANEJADA'::text, 'EM_ANDAMENTO'::text, 'PAUSADA'::text, 'CONCLUIDA'::text, 'FALHOU'::text])))
);


ALTER TABLE public.missoes OWNER TO neondb_owner;

--
-- Name: missoes_id_seq; Type: SEQUENCE; Schema: public; Owner: neondb_owner
--

ALTER TABLE public.missoes ALTER COLUMN id ADD GENERATED BY DEFAULT AS IDENTITY (
    SEQUENCE NAME public.missoes_id_seq
    START WITH 1
    INCREMENT BY 1
    NO MINVALUE
    NO MAXVALUE
    CACHE 1
);


--
-- Name: reputacoes; Type: TABLE; Schema: public; Owner: neondb_owner
--

CREATE TABLE public.reputacoes (
    id integer NOT NULL,
    funcionario_id integer NOT NULL,
    score_publico integer,
    score_governamental integer,
    atualizado_em timestamp with time zone DEFAULT now(),
    CONSTRAINT reputacoes_score_governamental_check CHECK (((score_governamental >= 0) AND (score_governamental <= 100))),
    CONSTRAINT reputacoes_score_publico_check CHECK (((score_publico >= 0) AND (score_publico <= 100)))
);


ALTER TABLE public.reputacoes OWNER TO neondb_owner;

--
-- Name: reputacoes_id_seq; Type: SEQUENCE; Schema: public; Owner: neondb_owner
--

ALTER TABLE public.reputacoes ALTER COLUMN id ADD GENERATED BY DEFAULT AS IDENTITY (
    SEQUENCE NAME public.reputacoes_id_seq
    START WITH 1
    INCREMENT BY 1
    NO MINVALUE
    NO MAXVALUE
    CACHE 1
);


--
-- Name: sinais_socorro; Type: TABLE; Schema: public; Owner: neondb_owner
--

CREATE TABLE public.sinais_socorro (
    id integer NOT NULL,
    origem text NOT NULL,
    local text,
    nivel_ameaca integer,
    status text NOT NULL,
    aberto_em timestamp with time zone DEFAULT now(),
    fechado_em timestamp with time zone,
    CONSTRAINT sinais_socorro_nivel_ameaca_check CHECK (((nivel_ameaca >= 1) AND (nivel_ameaca <= 7))),
    CONSTRAINT sinais_socorro_status_check CHECK ((status = ANY (ARRAY['ABERTO'::text, 'EM_ATENDIMENTO'::text, 'RESOLVIDO'::text, 'FALSO'::text])))
);


ALTER TABLE public.sinais_socorro OWNER TO neondb_owner;

--
-- Name: sinais_socorro_id_seq; Type: SEQUENCE; Schema: public; Owner: neondb_owner
--

ALTER TABLE public.sinais_socorro ALTER COLUMN id ADD GENERATED BY DEFAULT AS IDENTITY (
    SEQUENCE NAME public.sinais_socorro_id_seq
    START WITH 1
    INCREMENT BY 1
    NO MINVALUE
    NO MAXVALUE
    CACHE 1
);


--
-- Name: veiculo_missao_usos; Type: TABLE; Schema: public; Owner: neondb_owner
--

CREATE TABLE public.veiculo_missao_usos (
    id integer NOT NULL,
    veiculo_id integer NOT NULL,
    missao_id integer NOT NULL,
    piloto_id integer,
    partida timestamp with time zone,
    chegada timestamp with time zone,
    observacao text
);


ALTER TABLE public.veiculo_missao_usos OWNER TO neondb_owner;

--
-- Name: veiculo_missao_usos_id_seq; Type: SEQUENCE; Schema: public; Owner: neondb_owner
--

ALTER TABLE public.veiculo_missao_usos ALTER COLUMN id ADD GENERATED BY DEFAULT AS IDENTITY (
    SEQUENCE NAME public.veiculo_missao_usos_id_seq
    START WITH 1
    INCREMENT BY 1
    NO MINVALUE
    NO MAXVALUE
    CACHE 1
);


--
-- Name: veiculos; Type: TABLE; Schema: public; Owner: neondb_owner
--

CREATE TABLE public.veiculos (
    id integer NOT NULL,
    nome text NOT NULL,
    tipo text,
    capacidade integer,
    proprietario_id integer,
    status text NOT NULL,
    CONSTRAINT veiculos_status_check CHECK ((status = ANY (ARRAY['OPERACIONAL'::text, 'MANUTENCAO'::text, 'INOPERANTE'::text]))),
    CONSTRAINT veiculos_tipo_check CHECK ((tipo = ANY (ARRAY['AEREO'::text, 'TERRESTRE'::text, 'MARITIMO'::text, 'ESPACIAL'::text]))),
    CONSTRAINT veiculos_pkey PRIMARY KEY (id)
);


ALTER TABLE public.veiculos OWNER TO neondb_owner;

--
-- Name: veiculos_id_seq; Type: SEQUENCE; Schema: public; Owner: neondb_owner
--

ALTER TABLE public.veiculos ALTER COLUMN id ADD GENERATED BY DEFAULT AS IDENTITY (
    SEQUENCE NAME public.veiculos_id_seq
    START WITH 1
    INCREMENT BY 1
    NO MINVALUE
    NO MAXVALUE
    CACHE 1
);


--
-- Name: vw_indicadores_incidentes; Type: VIEW; Schema: public; Owner: neondb_owner
--

CREATE VIEW public.vw_indicadores_incidentes AS
 SELECT i.id AS incidente_id,
    m.titulo AS missao,
    i.descricao,
    i.local,
    i.severidade,
    i.danos_civis,
    COALESCE(sum(inden.valor), (0)::numeric) AS total_indenizacoes,
    COALESCE(sum(
        CASE
            WHEN inden.pago THEN inden.valor
            ELSE (0)::numeric
        END), (0)::numeric) AS total_pago,
    COALESCE(sum(
        CASE
            WHEN (NOT inden.pago) THEN inden.valor
            ELSE (0)::numeric
        END), (0)::numeric) AS total_pendente,
    i.ocorrido_em
   FROM ((public.incidentes i
     LEFT JOIN public.indenizacoes inden ON ((inden.incidente_id = i.id)))
     LEFT JOIN public.missoes m ON ((m.id = i.missao_id)))
  GROUP BY i.id, m.titulo, i.descricao, i.local, i.severidade, i.danos_civis, i.ocorrido_em;


ALTER VIEW public.vw_indicadores_incidentes OWNER TO neondb_owner;

--
-- Name: VIEW vw_indicadores_incidentes; Type: COMMENT; Schema: public; Owner: neondb_owner
--

COMMENT ON VIEW public.vw_indicadores_incidentes IS 'Resumo de incidentes com danos e indenizações.';


--
-- Name: vw_perfil_heroi; Type: VIEW; Schema: public; Owner: neondb_owner
--

CREATE VIEW public.vw_perfil_heroi AS
 SELECT f.id AS funcionario_id,
    f.nome_completo,
    i.codinome,
    i.universo,
    i.exposicao_publica,
    c.nome AS cargo,
    d.nome AS departamento,
    r.score_publico,
    r.score_governamental,
    (((r.score_publico + r.score_governamental))::numeric / (2)::numeric) AS score_medio,
    COALESCE(string_agg(h.nome, ', '::text ORDER BY h.nome), '-'::text) AS habilidades,
    e.nome AS equipe_principal,
    b.nome AS base_principal,
    f.foto_perfil_url AS avatar_url
   FROM (((((((((public.funcionarios f
     LEFT JOIN public.cargos c ON ((c.id = f.cargo_id)))
     LEFT JOIN public.departamentos d ON ((d.id = f.departamento_id)))
     LEFT JOIN public.identidades_secretas i ON ((i.funcionario_id = f.id)))
     LEFT JOIN public.funcionario_habilidades fh ON ((fh.funcionario_id = f.id)))
     LEFT JOIN public.habilidades h ON ((h.id = fh.habilidade_id)))
     LEFT JOIN public.equipe_membros em ON ((em.funcionario_id = f.id)))
     LEFT JOIN public.equipes e ON ((e.id = em.equipe_id)))
     LEFT JOIN public.bases b ON ((e.base_principal_id = b.id)))
     LEFT JOIN public.reputacoes r ON ((r.funcionario_id = f.id)))
  GROUP BY f.id, f.foto_perfil_url, f.nome_completo, i.codinome, i.universo, i.exposicao_publica, c.nome, d.nome, r.score_publico, r.score_governamental, e.nome, b.nome;


ALTER VIEW public.vw_perfil_heroi OWNER TO neondb_owner;

--
-- Name: VIEW vw_perfil_heroi; Type: COMMENT; Schema: public; Owner: neondb_owner
--

COMMENT ON VIEW public.vw_perfil_heroi IS 'Perfil completo do herói com cargo, equipe, base e habilidades.';


--
-- Name: vw_ranking_reputacao; Type: VIEW; Schema: public; Owner: neondb_owner
--

CREATE VIEW public.vw_ranking_reputacao AS
 SELECT f.id AS funcionario_id,
    f.nome_completo,
    i.codinome,
    e.nome AS equipe,
    COALESCE(r.score_publico, 0) AS score_publico,
    COALESCE(r.score_governamental, 0) AS score_governamental,
    (((COALESCE(r.score_publico, 0) + COALESCE(r.score_governamental, 0)))::numeric / (2)::numeric) AS media,
    rank() OVER (ORDER BY ((COALESCE(r.score_publico, 0) + COALESCE(r.score_governamental, 0)) / 2) DESC) AS posicao
   FROM ((((public.funcionarios f
     LEFT JOIN public.identidades_secretas i ON ((i.funcionario_id = f.id)))
     LEFT JOIN public.reputacoes r ON ((r.funcionario_id = f.id)))
     LEFT JOIN public.equipe_membros em ON ((em.funcionario_id = f.id)))
     LEFT JOIN public.equipes e ON ((e.id = em.equipe_id)));


ALTER VIEW public.vw_ranking_reputacao OWNER TO neondb_owner;

--
-- Name: VIEW vw_ranking_reputacao; Type: COMMENT; Schema: public; Owner: neondb_owner
--

COMMENT ON VIEW public.vw_ranking_reputacao IS 'Ranking de reputação pública e governamental dos heróis.';


--
-- Name: vw_resumo_missoes; Type: VIEW; Schema: public; Owner: neondb_owner
--

CREATE VIEW public.vw_resumo_missoes AS
 SELECT m.id AS missao_id,
    m.titulo,
    m.status,
    m.prioridade,
    m.local,
    a.nome AS ameaca,
    count(DISTINCT mp.funcionario_id) AS qtd_herois,
    count(DISTINCT me.id) AS qtd_eventos,
    min(me.ocorrido_em) AS primeira_acao,
    max(me.ocorrido_em) AS ultima_acao
   FROM (((public.missoes m
     LEFT JOIN public.ameacas a ON ((a.id = m.ameaca_id)))
     LEFT JOIN public.missao_participantes mp ON ((mp.missao_id = m.id)))
     LEFT JOIN public.missao_eventos me ON ((me.missao_id = m.id)))
  GROUP BY m.id, m.titulo, m.status, m.prioridade, m.local, a.nome;


ALTER VIEW public.vw_resumo_missoes OWNER TO neondb_owner;

--
-- Name: VIEW vw_resumo_missoes; Type: COMMENT; Schema: public; Owner: neondb_owner
--

COMMENT ON VIEW public.vw_resumo_missoes IS 'Resumo de missões com contagem de heróis e eventos.';


--
-- Name: cargos id; Type: DEFAULT; Schema: public; Owner: neondb_owner
--

ALTER TABLE ONLY public.cargos ALTER COLUMN id SET DEFAULT nextval('public.cargos_id_seq'::regclass);


--
-- Name: departamentos id; Type: DEFAULT; Schema: public; Owner: neondb_owner
--

ALTER TABLE ONLY public.departamentos ALTER COLUMN id SET DEFAULT nextval('public.departamentos_id_seq'::regclass);


--
-- Name: dependentes id; Type: DEFAULT; Schema: public; Owner: neondb_owner
--

ALTER TABLE ONLY public.dependentes ALTER COLUMN id SET DEFAULT nextval('public.dependentes_id_seq'::regclass);


--
-- Name: enderecos id; Type: DEFAULT; Schema: public; Owner: neondb_owner
--

ALTER TABLE ONLY public.enderecos ALTER COLUMN id SET DEFAULT nextval('public.enderecos_id_seq'::regclass);


--
-- Name: eventos_folha id; Type: DEFAULT; Schema: public; Owner: neondb_owner
--

ALTER TABLE ONLY public.eventos_folha ALTER COLUMN id SET DEFAULT nextval('public.eventos_folha_id_seq'::regclass);


--
-- Name: ferias_afastamentos id; Type: DEFAULT; Schema: public; Owner: neondb_owner
--

ALTER TABLE ONLY public.ferias_afastamentos ALTER COLUMN id SET DEFAULT nextval('public.ferias_afastamentos_id_seq'::regclass);


--
-- Name: folhas_pagamento id; Type: DEFAULT; Schema: public; Owner: neondb_owner
--

ALTER TABLE ONLY public.folhas_pagamento ALTER COLUMN id SET DEFAULT nextval('public.folhas_pagamento_id_seq'::regclass);


--
-- Name: funcionarios id; Type: DEFAULT; Schema: public; Owner: neondb_owner
--

ALTER TABLE ONLY public.funcionarios ALTER COLUMN id SET DEFAULT nextval('public.funcionarios_id_seq'::regclass);


--
-- Name: historicos_cargos id; Type: DEFAULT; Schema: public; Owner: neondb_owner
--

ALTER TABLE ONLY public.historicos_cargos ALTER COLUMN id SET DEFAULT nextval('public.historicos_cargos_id_seq'::regclass);


--
-- Name: historicos_salariais id; Type: DEFAULT; Schema: public; Owner: neondb_owner
--

ALTER TABLE ONLY public.historicos_salariais ALTER COLUMN id SET DEFAULT nextval('public.historicos_salariais_id_seq'::regclass);


--
-- Data for Name: acordos_regulatorios; Type: TABLE DATA; Schema: public; Owner: neondb_owner
--

COPY public.acordos_regulatorios (id, nome, jurisdicao, status, descricao) FROM stdin;
1	Acordos de Sokovia	ONU	VIGENTE	Regula atividade de super-equipes
2	Tratado de Wakanda	UA	VIGENTE	Cooperação tecnológica e segurança
3	Diretiva Prime	UFP	VIGENTE	Não interferência em civilizações pré-dobra
\.

-- Data for Name: veiculos; Type: TABLE DATA; Schema: public; Owner: neondb_owner

COPY public.veiculos (id, nome, tipo, capacidade, proprietario_id, status) FROM stdin;
1	Quinjet	AEREO	12	1	OPERACIONAL
2	Batmóvel	TERRESTRE	2	3	MANUTENCAO
3	Batwing	AEREO	2	3	OPERACIONAL
4	Helicarrier-01	AEREO	300	37	OPERACIONAL
\.

-- Append more veiculos
COPY public.veiculos (id, nome, tipo, capacidade, proprietario_id, status) FROM stdin;
5	X-Jet	AEREO	20	43	OPERACIONAL
6	Batpod	TERRESTRE	1	3	MANUTENCAO
7	Invisible Jet	AEREO	2	32	OPERACIONAL
8	Milano	ESPACIAL	6	45	OPERACIONAL
9	Submarino Atlante	MARITIMO	20	34	INOPERANTE
10	Quinjet-02	AEREO	12	1	OPERACIONAL
\.

-- Histórico de manutenção / indisponibilidade
CREATE TABLE IF NOT EXISTS public.veiculo_manutencoes (
    id integer NOT NULL,
    veiculo_id integer NOT NULL,
    status_durante text NOT NULL,
    inicio timestamp with time zone NOT NULL,
    fim timestamp with time zone,
    motivo text,
    CONSTRAINT veiculo_manutencoes_status_check CHECK ((status_durante = ANY (ARRAY['MANUTENCAO'::text, 'INOPERANTE'::text]))),
    CONSTRAINT veiculo_manutencoes_veiculo_id_fkey FOREIGN KEY (veiculo_id) REFERENCES public.veiculos(id) ON DELETE CASCADE
);

ALTER TABLE public.veiculo_manutencoes OWNER TO neondb_owner;

ALTER TABLE public.veiculo_manutencoes ALTER COLUMN id ADD GENERATED BY DEFAULT AS IDENTITY (
    SEQUENCE NAME public.veiculo_manutencoes_id_seq
    START WITH 1
    INCREMENT BY 1
    NO MINVALUE
    NO MAXVALUE
    CACHE 1
);

COPY public.veiculo_manutencoes (id, veiculo_id, status_durante, inicio, fim, motivo) FROM stdin;
1	2	MANUTENCAO	2025-10-24 00:00:00+00	2025-11-05 00:00:00+00	Revisão geral de sistemas
2	6	MANUTENCAO	2025-10-24 00:00:00+00	2025-11-05 00:00:00+00	Troca de componentes críticos
3	9	INOPERANTE	2025-11-01 00:00:00+00	2025-11-09 00:00:00+00	Falha em propulsão aquática
\.

CREATE OR REPLACE VIEW public.vw_veiculos_disponibilidade AS
SELECT v.id AS veiculo_id,
       v.nome,
       v.tipo,
       v.status AS status_atual,
       EXISTS (
         SELECT 1 FROM public.veiculo_manutencoes m
          WHERE m.veiculo_id = v.id
            AND m.inicio <= now()
            AND (m.fim IS NULL OR m.fim > now())
       ) AS em_manutencao,
       (
         SELECT m.inicio FROM public.veiculo_manutencoes m
          WHERE m.veiculo_id = v.id
          ORDER BY m.inicio DESC LIMIT 1
       ) AS ultima_manutencao_inicio,
       (
         SELECT m.fim FROM public.veiculo_manutencoes m
          WHERE m.veiculo_id = v.id
          ORDER BY m.inicio DESC LIMIT 1
       ) AS ultima_manutencao_fim
  FROM public.veiculos v;

ALTER VIEW public.vw_veiculos_disponibilidade OWNER TO neondb_owner;


--
-- Data for Name: ameacas; Type: TABLE DATA; Schema: public; Owner: neondb_owner
--

COPY public.ameacas (id, nome, classe, planeta, nivel, status, recompensa) FROM stdin;
1	Thanos	ENTIDADE	Terra	7	EM_OBSERVACAO	\N
2	Duende Verde	VILAO	Terra	4	LIVRE	500000.00
3	Ultron	ENTIDADE	Terra	6	CONFRONTO	750000.00
4	Skynet	ORGANIZACAO	Terra	6	EM_OBSERVACAO	\N
5	Xenomorph Queen	ENTIDADE	LV-426	6	LIVRE	900000.00
6	Combine	ORGANIZACAO	Terra	6	EM_OBSERVACAO	\N
\.


--
-- Data for Name: base_acessos; Type: TABLE DATA; Schema: public; Owner: neondb_owner
--

COPY public.base_acessos (id, base_id, funcionario_id, nivel_acesso, ativo) FROM stdin;
1	1	1	COMANDO	t
2	1	31	OPERADOR	t
3	2	3	COMANDO	t
4	5	41	COMANDO	t
5	5	42	OPERADOR	t
6	4	27	COMANDO	t
\.


--
-- Data for Name: bases; Type: TABLE DATA; Schema: public; Owner: neondb_owner
--

COPY public.bases (id, nome, tipo, sigilo, latitude, longitude, planeta) FROM stdin;
1	Stark Tower	TERRESTRE	CONFIDENCIAL	40.7580	-73.9855	Terra
2	Batcaverna	SUBTERRANEA	SECRETA	40.7128	-74.0060	Terra
3	Fortaleza da Solidão	TERRESTRE	SECRETA	82.8628	135.0	Terra
4	Wakanda Citadel	TERRESTRE	ULTRA_SECRETA	-1.9577	30.1127	Terra
5	X-Mansion	TERRESTRE	CONFIDENCIAL	41.0122	-73.7949	Terra
6	Helicarrier	MOVEL	SECRETA	\N	\N	Terra
7	Enterprise NCC-1701	ORBITAL	PUBLICA	\N	\N	Terra
\.


--
-- Data for Name: cargos; Type: TABLE DATA; Schema: public; Owner: neondb_owner
--

COPY public.cargos (id, nome, nivel, descricao, salario_minimo, salario_maximo) FROM stdin;
1	CEO	Executivo	Direção executiva da organização	60000	100000
2	Diretor de P&D	Diretor	Liderança de pesquisa e desenvolvimento	30000	60000
3	Engenheiro de Software Sênior	Sênior	Desenvolvimento de sistemas complexos	18000	30000
4	Engenheiro de Software Pleno	Pleno	Desenvolvimento de sistemas	12000	18000
5	Cientista Pesquisador	Sênior	Pesquisa aplicada	16000	28000
6	Repórter	Pleno	Cobertura jornalística	8000	14000
7	Piloto	Sênior	Operação de naves/aeronaves	14000	24000
8	Agente de Segurança	Pleno	Proteção física e segurança	9000	15000
9	Diretor de Comunicação	Diretor	Liderança de comunicação	20000	40000
10	Analista de Comunicação	Pleno	Comunicação e relações públicas	9000	14000
11	Engenheiro de Campo	Pleno	Operações e manutenção em campo	11000	17000
12	Técnico de Laboratório	Júnior	Apoio a laboratório	6000	10000
13	Operador de Sistemas	Pleno	Operação de sistemas e consoles	9000	13000
14	Comandante de Nave	Executivo	Comando de operações de nave	35000	70000
15	Cientista Chefe	Diretor	Liderança científica	25000	50000
\.


--
-- Data for Name: departamentos; Type: TABLE DATA; Schema: public; Owner: neondb_owner
--

COPY public.departamentos (id, nome, codigo, responsavel_id) FROM stdin;
15	Weyland-Yutani - Engenharia	WYD-ENG	\N
25	Aperture Science - Engenharia	APT-ENG	\N
1	Stark Industries - P&D	STK-RND	1
2	Stark Industries - Segurança	STK-SEC	29
3	Stark Industries - Comunicação	STK-COM	2
4	Wayne Enterprises - P&D	WAY-RND	4
5	Wayne Enterprises - Comunicação	WAY-COM	3
6	Oscorp - Biotecnologia	OSC-BIO	6
7	Oscorp - Engenharia	OSC-ENG	5
8	Daily Planet - Jornalismo	DPL-NEWS	7
9	Daily Planet - Comunicação	DPL-COM	38
10	Starfleet - Exploração Espacial	STF-EXP	10
11	Starfleet - Comando e Operações	STF-OPS	9
12	Umbrella Corp - P&D	UMB-RND	14
13	Umbrella Corp - Segurança	UMB-SEC	13
14	Weyland-Yutani - Exploração	WYD-EXP	17
16	Cyberdyne - Inteligência Artificial	CBR-AI	20
17	Cyberdyne - Engenharia	CBR-ENG	49
18	Tyrell Corp - Biotecnologia	TYR-BIO	43
19	Tyrell Corp - Operações	TYR-OPS	22
20	Capsule Corp - P&D	CPS-RND	27
21	Capsule Corp - Engenharia	CPS-ENG	40
22	Black Mesa - Pesquisa	BLM-RND	24
23	Black Mesa - Segurança	BLM-SEC	30
24	Aperture Science - Pesquisa Interdimensional	APT-PORTAL	26
\.


--
-- Data for Name: dependentes; Type: TABLE DATA; Schema: public; Owner: neondb_owner
--

COPY public.dependentes (id, nome_completo, parentesco, data_nascimento, funcionario_id) FROM stdin;
1	Morgan Stark	Filha	2015-04-01	1
2	Amelia Potts	Filha	2016-06-15	2
3	Damian Wayne	Filho	2001-09-15	3
4	Timothy Fox	Filho	1995-02-20	4
5	May Parker	Filha	2018-07-11	5
6	Harry Osborn	Filho	1993-03-10	6
7	Jonathan Kent	Filho	2008-05-05	7
8	Lucy Lane	Filha	2009-08-20	8
9	David Kirk	Filho	1992-12-03	9
10	Sovek Spock	Filho	1996-04-12	10
11	Rene Picard	Filho	1990-11-21	11
12	Lal Soong	Filha	2000-04-01	12
13	Sophie Valentine	Filha	2012-01-19	13
14	Jake Muller	Filho	1999-09-20	14
15	Emma Kennedy	Filha	2014-03-25	15
16	Rose Redfield	Filha	2010-06-12	16
17	Amanda Ripley	Filha	2005-10-10	17
18	Ben Hicks	Filho	2002-08-02	18
19	John Connor	Filho	1992-02-28	19
20	Danny Dyson	Filho	1993-11-09	20
21	Nathan Reese	Filho	1998-04-04	21
22	Rachael Deckard	Filha	1996-07-07	22
23	Lia Tyrell	Filha	2001-01-13	23
24	Adrian Freeman	Filho	2004-03-18	24
25	Eli Vance Jr.	Filho	2016-09-09	25
26	Catarina Johnson	Filha	2017-02-02	26
27	Azari Udaku	Filho	2012-05-05	27
28	Amala Udaku	Filha	2018-03-03	28
29	Sarah Rogers	Filha	1999-01-05	29
30	Anya Romanoff	Filha	2015-06-17	30
31	Betty Banner	Filha	1997-08-18	31
32	Cassie Prince	Filha	2007-05-25	32
33	Nora Allen	Filha	2018-12-12	33
34	Andy Curry	Filho	2016-09-10	34
35	Marcus Stone	Filho	2015-04-14	35
36	Kara Danvers	Filha	2011-10-12	36
37	Nicole Fury	Filha	1990-10-10	37
38	Claire Coulson	Filha	2006-07-07	38
39	Jessica Jordan	Filha	2011-06-06	39
40	Amani Munroe	Filha	2014-03-03	40
41	Rachel Summers	Filha	2013-08-08	41
42	Hope Grey	Filha	2015-02-22	42
43	David Haller	Filho	1993-04-04	43
44	Lorna Dane	Filha	1994-09-09	44
45	Meredith Quill Jr.	Filha	2014-05-05	45
46	Illyana Zen	Filha	2017-11-11	46
47	Ava Rhodes	Filha	2000-02-02	47
48	Riley Wilson	Filho	2012-12-02	48
49	Rebecca Barnes	Filha	2011-04-04	49
50	Sofia Hill	Filha	2014-01-20	50
\.


--
-- Data for Name: enderecos; Type: TABLE DATA; Schema: public; Owner: neondb_owner
--

COPY public.enderecos (id, logradouro, numero, complemento, bairro, cidade, estado, cep, funcionario_id) FROM stdin;
1	Av. das Indústrias Stark	100	Torre A	Tecnológico	Nova York	NY	10001-000	1
2	Alameda das Mansões	1	Mansão Wayne	Nobre	Gotham	GT	54321-000	2
3	Rua do Planeta Diário	50	\N	Centro	Metrópolis	MT	11000-000	3
4	Av. Pesquisa Wayne	200	Bloco B	Industrial	Gotham	GT	54321-200	4
5	Rua dos Laboratórios Oscorp	400	\N	Tecnológico	Nova York	NY	10002-400	5
6	Av. Biotecnologia Oscorp	450	Cobertura	Tecnológico	Nova York	NY	10002-450	6
7	Av. do Planeta Diário	55	Redação	Centro	Metrópolis	MT	11000-055	7
8	Rua da Imprensa	77	\N	Comercial	Metrópolis	MT	11000-077	8
9	Av. da Frota Estelar	1	Comando	Marina	San Francisco	CA	94123-001	9
10	Rua da Ciência Vulcana	1701	\N	Acadêmico	San Francisco	CA	94123-170	10
11	Boulevard da Frota	2	Base Alfa	Marina	San Francisco	CA	94123-002	11
12	Av. de Sistemas Positrônicos	3	\N	Tecnológico	San Francisco	CA	94123-003	12
13	Rua da Estação de Polícia	9	\N	Central	Raccoon City	RC	50000-009	13
14	Av. Umbrella Pesquisa	666	Laboratório N	Industrial	Raccoon City	RC	50000-666	14
15	Rua Raccoon Norte	12	\N	Residencial	Raccoon City	RC	50000-012	15
16	Av. Arklay	101	\N	Montanha	Raccoon City	RC	50000-101	16
17	Rua da Colônia LV-426	426	\N	Colônia	Hadley's Hope	LV	42600-000	17
18	Av. dos Fuzileiros	12	Quartel	Colônia	Hadley's Hope	LV	42600-012	18
19	Rua da Skynet	11	\N	Industrial	Los Angeles	CA	90001-011	19
20	Av. Cyberdyne Labs	42	Torre 2	Tecnológico	Los Angeles	CA	90001-042	20
21	Rua Resistência	7	\N	Subúrbio	Los Angeles	CA	90001-007	21
22	Rua dos Caçadores	22	\N	Centro	Los Angeles	CA	90012-022	22
23	Av. Tyrell Corp	2049	Nível 5	Industrial	Los Angeles	CA	90012-249	23
24	Complexo Black Mesa	1	Setor C	Deserto	Black Mesa	NM	87001-001	24
25	Complexo Black Mesa	2	Setor Lambda	Deserto	Black Mesa	NM	87001-002	25
26	Centro de Enriquecimento	1	Câmara 19	Laboratórios	Aperture	OR	97001-019	26
27	Av. Pantera Negra	10	Palácio	Real	Wakanda	WK	70000-010	27
28	Rua Laboratório Shuri	5	\N	Real	Wakanda	WK	70000-005	28
29	Av. Vingadores	616	Andar 12	Centro	Nova York	NY	10003-616	29
30	Rua Freeman	3	\N	Segurança	Black Mesa	NM	87001-003	30
31	Av. Gamma	2	\N	Científico	Nova York	NY	10003-002	31
32	Av. Themyscira	10	\N	Comercial	Gotham	GT	54321-010	32
33	Rua Laboratório Wayne	210	\N	Tecnológico	Gotham	GT	54321-210	33
34	Baía Atlântica	7	\N	Porto	Star City	SC	12000-007	34
35	Av. Ciborgue	9	\N	Tecnológico	Gotham	GT	54321-009	35
36	Av. Hangar Estelar	8	\N	Marina	San Francisco	CA	94123-008	36
37	Rua do Departamento	1	\N	Central	Los Angeles	CA	90012-001	37
38	Alameda da Comunicação	12	\N	Centro	Metrópolis	MT	11000-012	38
39	Av. Setor 2814	2814	\N	Aeroporto	Coast City	CC	13000-814	39
40	Rua Ororo	4	\N	Residencial	West City	WC	60000-004	40
41	Rua Scott	5	\N	Industrial	West City	WC	60000-005	41
42	Av. Genetic Labs	7	\N	Tecnológico	Nova York	NY	10004-007	42
43	Rua Xavier Institute	1407	\N	Jardins	Nova York	NY	10004-407	43
44	Rua Magneto	10	\N	Industrial	Nova York	NY	10004-010	44
45	Rua da Nave Milano	1988	\N	Hangar	San Francisco	CA	94123-988	45
46	Rua Nebula	2077	\N	Hangar	Hadley's Hope	LV	42600-077	46
47	Av. Coronel Rhodes	11	\N	Militar	Nova York	NY	10003-011	47
48	Rua Falcon	33	\N	Industrial	Nova York	NY	10002-033	48
49	Rua Barnes	99	\N	Industrial	Los Angeles	CA	90001-099	49
50	Rua Maria Hill	17	\N	Comercial	Nova York	NY	10003-017	50
\.


--
-- Data for Name: equipamento_alocacoes; Type: TABLE DATA; Schema: public; Owner: neondb_owner
--

COPY public.equipamento_alocacoes (id, equipamento_id, funcionario_id, inicio, fim, status) FROM stdin;
1	1	1	2025-10-17 20:41:43.492903+00	\N	ATIVO
2	2	29	2025-10-17 20:41:43.492903+00	\N	ATIVO
3	3	47	2025-10-17 20:41:43.492903+00	\N	ATIVO
\.


--
-- Data for Name: equipamentos; Type: TABLE DATA; Schema: public; Owner: neondb_owner
--

COPY public.equipamentos (id, nome, tipo, resistencia, proprietario_id, status) FROM stdin;
1	Armadura Mark VII	ARMADURA	8	1	EM_USO
2	Escudo de Vibranium	GADGET	10	29	EM_USO
3	Armadura War Machine	ARMADURA	8	47	EM_USO
4	Lançador de Teia	GADGET	5	5	EM_USO
5	Batsuit Tático	ARMADURA	7	3	EM_USO
6	Lasso da Verdade	ARTEFATO	9	32	EM_USO
\.


--
-- Data for Name: equipe_membros; Type: TABLE DATA; Schema: public; Owner: neondb_owner
--

COPY public.equipe_membros (id, equipe_id, funcionario_id, papel, data_entrada, data_saida) FROM stdin;
1	1	1	LIDER	2012-01-01	\N
2	1	29	OPERACIONAL	2012-01-01	\N
3	1	31	OPERACIONAL	2012-01-01	\N
4	1	30	OPERACIONAL	2013-03-01	\N
5	1	47	CO-LIDER	2013-06-01	\N
6	1	50	SUPORTE	2018-04-22	\N
7	2	7	LIDER	2015-04-01	\N
8	2	32	OPERACIONAL	2015-04-01	\N
9	2	33	OPERACIONAL	2019-04-12	\N
10	2	34	OPERACIONAL	2020-06-18	\N
11	2	35	SUPORTE	2020-09-01	\N
12	3	41	LIDER	2019-03-11	\N
13	3	42	OPERACIONAL	2018-01-01	\N
14	3	40	OPERACIONAL	2020-05-20	\N
15	3	43	CONSULTOR	2010-03-15	\N
16	3	44	CONSULTOR	2011-06-06	\N
17	5	45	LIDER	2017-07-07	\N
18	5	46	OPERACIONAL	2021-01-10	\N
19	4	37	LIDER	2010-10-10	\N
20	4	38	SUPORTE	2013-12-12	\N
21	4	50	OPERACIONAL	2018-04-22	\N
\.


--
-- Data for Name: equipes; Type: TABLE DATA; Schema: public; Owner: neondb_owner
--

COPY public.equipes (id, nome, sigla, base_principal_id, status) FROM stdin;
1	Vingadores	AVG	1	ATIVA
2	Liga da Justiça	JL	3	ATIVA
3	X-Men	XM	5	ATIVA
4	S.H.I.E.L.D.	SHD	6	ATIVA
5	Guardiões	GG	7	RESERVA
\.


--
-- Data for Name: eventos_folha; Type: TABLE DATA; Schema: public; Owner: neondb_owner
--

COPY public.eventos_folha (id, descricao, tipo, valor, folha_pagamento_id) FROM stdin;
1	Salário Base	PROVENTO	90000.00	1
2	Salário Base	PROVENTO	32000.00	2
3	Salário Base	PROVENTO	88000.00	3
4	Salário Base	PROVENTO	52000.00	4
5	Salário Base	PROVENTO	15000.00	5
6	Salário Base	PROVENTO	82000.00	6
7	Salário Base	PROVENTO	12000.00	7
8	Salário Base	PROVENTO	12500.00	8
9	Salário Base	PROVENTO	58000.00	9
10	Salário Base	PROVENTO	23000.00	10
11	Salário Base	PROVENTO	57000.00	11
12	Salário Base	PROVENTO	12000.00	12
13	Salário Base	PROVENTO	12000.00	13
14	Salário Base	PROVENTO	42000.00	14
15	Salário Base	PROVENTO	12000.00	15
16	Salário Base	PROVENTO	8000.00	16
17	Salário Base	PROVENTO	20000.00	17
18	Salário Base	PROVENTO	12000.00	18
19	Salário Base	PROVENTO	12000.00	19
20	Salário Base	PROVENTO	50000.00	20
21	Salário Base	PROVENTO	11500.00	21
22	Salário Base	PROVENTO	13000.00	22
23	Salário Base	PROVENTO	21000.00	23
24	Salário Base	PROVENTO	22000.00	24
25	Salário Base	PROVENTO	14000.00	25
26	Salário Base	PROVENTO	11000.00	26
27	Salário Base	PROVENTO	54000.00	27
28	Salário Base	PROVENTO	45000.00	28
29	Salário Base	PROVENTO	14000.00	29
30	Salário Base	PROVENTO	14000.00	30
31	Salário Base	PROVENTO	24000.00	31
32	Salário Base	PROVENTO	12000.00	32
33	Salário Base	PROVENTO	15000.00	33
34	Salário Base	PROVENTO	12000.00	34
35	Salário Base	PROVENTO	26000.00	35
36	Salário Base	PROVENTO	21000.00	36
37	Salário Base	PROVENTO	35000.00	37
38	Salário Base	PROVENTO	11000.00	38
39	Salário Base	PROVENTO	20000.00	39
40	Salário Base	PROVENTO	13000.00	40
41	Salário Base	PROVENTO	25000.00	41
42	Salário Base	PROVENTO	22000.00	42
43	Salário Base	PROVENTO	45000.00	43
44	Salário Base	PROVENTO	42000.00	44
45	Salário Base	PROVENTO	20500.00	45
46	Salário Base	PROVENTO	14500.00	46
47	Salário Base	PROVENTO	15000.00	47
48	Salário Base	PROVENTO	13500.00	48
49	Salário Base	PROVENTO	13000.00	49
50	Salário Base	PROVENTO	13000.00	50
51	Salário Base	PROVENTO	90000.00	51
52	Salário Base	PROVENTO	32000.00	52
53	Salário Base	PROVENTO	88000.00	53
54	Salário Base	PROVENTO	52000.00	54
55	Salário Base	PROVENTO	15000.00	55
56	Salário Base	PROVENTO	82000.00	56
57	Salário Base	PROVENTO	12000.00	57
58	Salário Base	PROVENTO	12500.00	58
59	Salário Base	PROVENTO	58000.00	59
60	Salário Base	PROVENTO	23000.00	60
61	Salário Base	PROVENTO	57000.00	61
62	Salário Base	PROVENTO	12000.00	62
63	Salário Base	PROVENTO	12000.00	63
64	Salário Base	PROVENTO	42000.00	64
65	Salário Base	PROVENTO	12000.00	65
66	Salário Base	PROVENTO	8000.00	66
67	Salário Base	PROVENTO	20000.00	67
68	Salário Base	PROVENTO	12000.00	68
69	Salário Base	PROVENTO	12000.00	69
70	Salário Base	PROVENTO	50000.00	70
71	Salário Base	PROVENTO	11500.00	71
72	Salário Base	PROVENTO	13000.00	72
73	Salário Base	PROVENTO	21000.00	73
74	Salário Base	PROVENTO	22000.00	74
75	Salário Base	PROVENTO	14000.00	75
76	Salário Base	PROVENTO	11000.00	76
77	Salário Base	PROVENTO	54000.00	77
78	Salário Base	PROVENTO	45000.00	78
79	Salário Base	PROVENTO	14000.00	79
80	Salário Base	PROVENTO	14000.00	80
81	Salário Base	PROVENTO	24000.00	81
82	Salário Base	PROVENTO	12000.00	82
83	Salário Base	PROVENTO	15000.00	83
84	Salário Base	PROVENTO	12000.00	84
85	Salário Base	PROVENTO	26000.00	85
86	Salário Base	PROVENTO	21000.00	86
87	Salário Base	PROVENTO	35000.00	87
88	Salário Base	PROVENTO	11000.00	88
89	Salário Base	PROVENTO	20000.00	89
90	Salário Base	PROVENTO	13000.00	90
91	Salário Base	PROVENTO	25000.00	91
92	Salário Base	PROVENTO	22000.00	92
93	Salário Base	PROVENTO	45000.00	93
94	Salário Base	PROVENTO	42000.00	94
95	Salário Base	PROVENTO	20500.00	95
96	Salário Base	PROVENTO	14500.00	96
97	Salário Base	PROVENTO	15000.00	97
98	Salário Base	PROVENTO	13500.00	98
99	Salário Base	PROVENTO	13000.00	99
100	Salário Base	PROVENTO	13000.00	100
101	Salário Base	PROVENTO	90000.00	101
102	Salário Base	PROVENTO	32000.00	102
103	Salário Base	PROVENTO	88000.00	103
104	Salário Base	PROVENTO	52000.00	104
105	Salário Base	PROVENTO	15000.00	105
106	Salário Base	PROVENTO	82000.00	106
107	Salário Base	PROVENTO	12000.00	107
108	Salário Base	PROVENTO	12500.00	108
109	Salário Base	PROVENTO	58000.00	109
110	Salário Base	PROVENTO	23000.00	110
111	Salário Base	PROVENTO	57000.00	111
112	Salário Base	PROVENTO	12000.00	112
113	Salário Base	PROVENTO	12000.00	113
114	Salário Base	PROVENTO	42000.00	114
115	Salário Base	PROVENTO	12000.00	115
116	Salário Base	PROVENTO	8000.00	116
117	Salário Base	PROVENTO	20000.00	117
118	Salário Base	PROVENTO	12000.00	118
119	Salário Base	PROVENTO	12000.00	119
120	Salário Base	PROVENTO	50000.00	120
121	Salário Base	PROVENTO	11500.00	121
122	Salário Base	PROVENTO	13000.00	122
123	Salário Base	PROVENTO	21000.00	123
124	Salário Base	PROVENTO	22000.00	124
125	Salário Base	PROVENTO	14000.00	125
126	Salário Base	PROVENTO	11000.00	126
127	Salário Base	PROVENTO	54000.00	127
128	Salário Base	PROVENTO	45000.00	128
129	Salário Base	PROVENTO	14000.00	129
130	Salário Base	PROVENTO	14000.00	130
131	Salário Base	PROVENTO	24000.00	131
132	Salário Base	PROVENTO	12000.00	132
133	Salário Base	PROVENTO	15000.00	133
134	Salário Base	PROVENTO	12000.00	134
135	Salário Base	PROVENTO	26000.00	135
136	Salário Base	PROVENTO	21000.00	136
137	Salário Base	PROVENTO	35000.00	137
138	Salário Base	PROVENTO	11000.00	138
139	Salário Base	PROVENTO	20000.00	139
140	Salário Base	PROVENTO	13000.00	140
141	Salário Base	PROVENTO	25000.00	141
142	Salário Base	PROVENTO	22000.00	142
143	Salário Base	PROVENTO	45000.00	143
144	Salário Base	PROVENTO	42000.00	144
145	Salário Base	PROVENTO	20500.00	145
146	Salário Base	PROVENTO	14500.00	146
147	Salário Base	PROVENTO	15000.00	147
148	Salário Base	PROVENTO	13500.00	148
149	Salário Base	PROVENTO	13000.00	149
150	Salário Base	PROVENTO	13000.00	150
151	Salário Base	PROVENTO	90000.00	151
152	Salário Base	PROVENTO	32000.00	152
153	Salário Base	PROVENTO	88000.00	153
154	Salário Base	PROVENTO	52000.00	154
155	Salário Base	PROVENTO	15000.00	155
156	Salário Base	PROVENTO	82000.00	156
157	Salário Base	PROVENTO	12000.00	157
158	Salário Base	PROVENTO	12500.00	158
159	Salário Base	PROVENTO	58000.00	159
160	Salário Base	PROVENTO	23000.00	160
161	Salário Base	PROVENTO	57000.00	161
162	Salário Base	PROVENTO	12000.00	162
163	Salário Base	PROVENTO	12000.00	163
164	Salário Base	PROVENTO	42000.00	164
165	Salário Base	PROVENTO	12000.00	165
166	Salário Base	PROVENTO	8000.00	166
167	Salário Base	PROVENTO	20000.00	167
168	Salário Base	PROVENTO	12000.00	168
169	Salário Base	PROVENTO	12000.00	169
170	Salário Base	PROVENTO	50000.00	170
171	Salário Base	PROVENTO	11500.00	171
172	Salário Base	PROVENTO	13000.00	172
173	Salário Base	PROVENTO	21000.00	173
174	Salário Base	PROVENTO	22000.00	174
175	Salário Base	PROVENTO	14000.00	175
176	Salário Base	PROVENTO	11000.00	176
177	Salário Base	PROVENTO	54000.00	177
178	Salário Base	PROVENTO	45000.00	178
179	Salário Base	PROVENTO	14000.00	179
180	Salário Base	PROVENTO	14000.00	180
181	Salário Base	PROVENTO	24000.00	181
182	Salário Base	PROVENTO	12000.00	182
183	Salário Base	PROVENTO	15000.00	183
184	Salário Base	PROVENTO	12000.00	184
185	Salário Base	PROVENTO	26000.00	185
186	Salário Base	PROVENTO	21000.00	186
187	Salário Base	PROVENTO	35000.00	187
188	Salário Base	PROVENTO	11000.00	188
189	Salário Base	PROVENTO	20000.00	189
190	Salário Base	PROVENTO	13000.00	190
191	Salário Base	PROVENTO	25000.00	191
192	Salário Base	PROVENTO	22000.00	192
193	Salário Base	PROVENTO	45000.00	193
194	Salário Base	PROVENTO	42000.00	194
195	Salário Base	PROVENTO	20500.00	195
196	Salário Base	PROVENTO	14500.00	196
197	Salário Base	PROVENTO	15000.00	197
198	Salário Base	PROVENTO	13500.00	198
199	Salário Base	PROVENTO	13000.00	199
200	Salário Base	PROVENTO	13000.00	200
201	Salário Base	PROVENTO	90000.00	201
202	Salário Base	PROVENTO	32000.00	202
203	Salário Base	PROVENTO	88000.00	203
204	Salário Base	PROVENTO	52000.00	204
205	Salário Base	PROVENTO	15000.00	205
206	Salário Base	PROVENTO	82000.00	206
207	Salário Base	PROVENTO	12000.00	207
208	Salário Base	PROVENTO	12500.00	208
209	Salário Base	PROVENTO	58000.00	209
210	Salário Base	PROVENTO	23000.00	210
211	Salário Base	PROVENTO	57000.00	211
212	Salário Base	PROVENTO	12000.00	212
213	Salário Base	PROVENTO	12000.00	213
214	Salário Base	PROVENTO	42000.00	214
215	Salário Base	PROVENTO	12000.00	215
216	Salário Base	PROVENTO	8000.00	216
217	Salário Base	PROVENTO	20000.00	217
218	Salário Base	PROVENTO	12000.00	218
219	Salário Base	PROVENTO	12000.00	219
220	Salário Base	PROVENTO	50000.00	220
221	Salário Base	PROVENTO	11500.00	221
222	Salário Base	PROVENTO	13000.00	222
223	Salário Base	PROVENTO	21000.00	223
224	Salário Base	PROVENTO	22000.00	224
225	Salário Base	PROVENTO	14000.00	225
226	Salário Base	PROVENTO	11000.00	226
227	Salário Base	PROVENTO	54000.00	227
228	Salário Base	PROVENTO	45000.00	228
229	Salário Base	PROVENTO	14000.00	229
230	Salário Base	PROVENTO	14000.00	230
231	Salário Base	PROVENTO	24000.00	231
232	Salário Base	PROVENTO	12000.00	232
233	Salário Base	PROVENTO	15000.00	233
234	Salário Base	PROVENTO	12000.00	234
235	Salário Base	PROVENTO	26000.00	235
236	Salário Base	PROVENTO	21000.00	236
237	Salário Base	PROVENTO	35000.00	237
238	Salário Base	PROVENTO	11000.00	238
239	Salário Base	PROVENTO	20000.00	239
240	Salário Base	PROVENTO	13000.00	240
241	Salário Base	PROVENTO	25000.00	241
242	Salário Base	PROVENTO	22000.00	242
243	Salário Base	PROVENTO	45000.00	243
244	Salário Base	PROVENTO	42000.00	244
245	Salário Base	PROVENTO	20500.00	245
246	Salário Base	PROVENTO	14500.00	246
247	Salário Base	PROVENTO	15000.00	247
248	Salário Base	PROVENTO	13500.00	248
249	Salário Base	PROVENTO	13000.00	249
250	Salário Base	PROVENTO	13000.00	250
251	Salário Base	PROVENTO	90000.00	251
252	Salário Base	PROVENTO	32000.00	252
253	Salário Base	PROVENTO	88000.00	253
254	Salário Base	PROVENTO	52000.00	254
255	Salário Base	PROVENTO	15000.00	255
256	Salário Base	PROVENTO	82000.00	256
257	Salário Base	PROVENTO	12000.00	257
258	Salário Base	PROVENTO	12500.00	258
259	Salário Base	PROVENTO	58000.00	259
260	Salário Base	PROVENTO	23000.00	260
261	Salário Base	PROVENTO	57000.00	261
262	Salário Base	PROVENTO	12000.00	262
263	Salário Base	PROVENTO	12000.00	263
264	Salário Base	PROVENTO	42000.00	264
265	Salário Base	PROVENTO	12000.00	265
266	Salário Base	PROVENTO	8000.00	266
267	Salário Base	PROVENTO	20000.00	267
268	Salário Base	PROVENTO	12000.00	268
269	Salário Base	PROVENTO	12000.00	269
270	Salário Base	PROVENTO	50000.00	270
271	Salário Base	PROVENTO	11500.00	271
272	Salário Base	PROVENTO	13000.00	272
273	Salário Base	PROVENTO	21000.00	273
274	Salário Base	PROVENTO	22000.00	274
275	Salário Base	PROVENTO	14000.00	275
276	Salário Base	PROVENTO	11000.00	276
277	Salário Base	PROVENTO	54000.00	277
278	Salário Base	PROVENTO	45000.00	278
279	Salário Base	PROVENTO	14000.00	279
280	Salário Base	PROVENTO	14000.00	280
281	Salário Base	PROVENTO	24000.00	281
282	Salário Base	PROVENTO	12000.00	282
283	Salário Base	PROVENTO	15000.00	283
284	Salário Base	PROVENTO	12000.00	284
285	Salário Base	PROVENTO	26000.00	285
286	Salário Base	PROVENTO	21000.00	286
287	Salário Base	PROVENTO	35000.00	287
288	Salário Base	PROVENTO	11000.00	288
289	Salário Base	PROVENTO	20000.00	289
290	Salário Base	PROVENTO	13000.00	290
291	Salário Base	PROVENTO	25000.00	291
292	Salário Base	PROVENTO	22000.00	292
293	Salário Base	PROVENTO	45000.00	293
294	Salário Base	PROVENTO	42000.00	294
295	Salário Base	PROVENTO	20500.00	295
296	Salário Base	PROVENTO	14500.00	296
297	Salário Base	PROVENTO	15000.00	297
298	Salário Base	PROVENTO	13500.00	298
299	Salário Base	PROVENTO	13000.00	299
300	Salário Base	PROVENTO	13000.00	300
301	Salário Base	PROVENTO	90000.00	301
302	Salário Base	PROVENTO	32000.00	302
303	Salário Base	PROVENTO	88000.00	303
304	Salário Base	PROVENTO	52000.00	304
305	Salário Base	PROVENTO	15000.00	305
306	Salário Base	PROVENTO	82000.00	306
307	Salário Base	PROVENTO	12000.00	307
308	Salário Base	PROVENTO	12500.00	308
309	Salário Base	PROVENTO	58000.00	309
310	Salário Base	PROVENTO	23000.00	310
311	Salário Base	PROVENTO	57000.00	311
312	Salário Base	PROVENTO	12000.00	312
313	Salário Base	PROVENTO	12000.00	313
314	Salário Base	PROVENTO	42000.00	314
315	Salário Base	PROVENTO	12000.00	315
316	Salário Base	PROVENTO	8000.00	316
317	Salário Base	PROVENTO	20000.00	317
318	Salário Base	PROVENTO	12000.00	318
319	Salário Base	PROVENTO	12000.00	319
320	Salário Base	PROVENTO	50000.00	320
321	Salário Base	PROVENTO	11500.00	321
322	Salário Base	PROVENTO	13000.00	322
323	Salário Base	PROVENTO	21000.00	323
324	Salário Base	PROVENTO	22000.00	324
325	Salário Base	PROVENTO	14000.00	325
326	Salário Base	PROVENTO	11000.00	326
327	Salário Base	PROVENTO	54000.00	327
328	Salário Base	PROVENTO	45000.00	328
329	Salário Base	PROVENTO	14000.00	329
330	Salário Base	PROVENTO	14000.00	330
331	Salário Base	PROVENTO	24000.00	331
332	Salário Base	PROVENTO	12000.00	332
333	Salário Base	PROVENTO	15000.00	333
334	Salário Base	PROVENTO	12000.00	334
335	Salário Base	PROVENTO	26000.00	335
336	Salário Base	PROVENTO	21000.00	336
337	Salário Base	PROVENTO	35000.00	337
338	Salário Base	PROVENTO	11000.00	338
339	Salário Base	PROVENTO	20000.00	339
340	Salário Base	PROVENTO	13000.00	340
341	Salário Base	PROVENTO	25000.00	341
342	Salário Base	PROVENTO	22000.00	342
343	Salário Base	PROVENTO	45000.00	343
344	Salário Base	PROVENTO	42000.00	344
345	Salário Base	PROVENTO	20500.00	345
346	Salário Base	PROVENTO	14500.00	346
347	Salário Base	PROVENTO	15000.00	347
348	Salário Base	PROVENTO	13500.00	348
349	Salário Base	PROVENTO	13000.00	349
350	Salário Base	PROVENTO	13000.00	350
351	Salário Base	PROVENTO	90000.00	351
352	Salário Base	PROVENTO	32000.00	352
353	Salário Base	PROVENTO	88000.00	353
354	Salário Base	PROVENTO	52000.00	354
355	Salário Base	PROVENTO	15000.00	355
356	Salário Base	PROVENTO	82000.00	356
357	Salário Base	PROVENTO	12000.00	357
358	Salário Base	PROVENTO	12500.00	358
359	Salário Base	PROVENTO	58000.00	359
360	Salário Base	PROVENTO	23000.00	360
361	Salário Base	PROVENTO	57000.00	361
362	Salário Base	PROVENTO	12000.00	362
363	Salário Base	PROVENTO	12000.00	363
364	Salário Base	PROVENTO	42000.00	364
365	Salário Base	PROVENTO	12000.00	365
366	Salário Base	PROVENTO	8000.00	366
367	Salário Base	PROVENTO	20000.00	367
368	Salário Base	PROVENTO	12000.00	368
369	Salário Base	PROVENTO	12000.00	369
370	Salário Base	PROVENTO	50000.00	370
371	Salário Base	PROVENTO	11500.00	371
372	Salário Base	PROVENTO	13000.00	372
373	Salário Base	PROVENTO	21000.00	373
374	Salário Base	PROVENTO	22000.00	374
375	Salário Base	PROVENTO	14000.00	375
376	Salário Base	PROVENTO	11000.00	376
377	Salário Base	PROVENTO	54000.00	377
378	Salário Base	PROVENTO	45000.00	378
379	Salário Base	PROVENTO	14000.00	379
380	Salário Base	PROVENTO	14000.00	380
381	Salário Base	PROVENTO	24000.00	381
382	Salário Base	PROVENTO	12000.00	382
383	Salário Base	PROVENTO	15000.00	383
384	Salário Base	PROVENTO	12000.00	384
385	Salário Base	PROVENTO	26000.00	385
386	Salário Base	PROVENTO	21000.00	386
387	Salário Base	PROVENTO	35000.00	387
388	Salário Base	PROVENTO	11000.00	388
389	Salário Base	PROVENTO	20000.00	389
390	Salário Base	PROVENTO	13000.00	390
391	Salário Base	PROVENTO	25000.00	391
392	Salário Base	PROVENTO	22000.00	392
393	Salário Base	PROVENTO	45000.00	393
394	Salário Base	PROVENTO	42000.00	394
395	Salário Base	PROVENTO	20500.00	395
396	Salário Base	PROVENTO	14500.00	396
397	Salário Base	PROVENTO	15000.00	397
398	Salário Base	PROVENTO	13500.00	398
399	Salário Base	PROVENTO	13000.00	399
400	Salário Base	PROVENTO	13000.00	400
401	Salário Base	PROVENTO	90000.00	401
402	Salário Base	PROVENTO	32000.00	402
403	Salário Base	PROVENTO	88000.00	403
404	Salário Base	PROVENTO	52000.00	404
405	Salário Base	PROVENTO	15000.00	405
406	Salário Base	PROVENTO	82000.00	406
407	Salário Base	PROVENTO	12000.00	407
408	Salário Base	PROVENTO	12500.00	408
409	Salário Base	PROVENTO	58000.00	409
410	Salário Base	PROVENTO	23000.00	410
411	Salário Base	PROVENTO	57000.00	411
412	Salário Base	PROVENTO	12000.00	412
413	Salário Base	PROVENTO	12000.00	413
414	Salário Base	PROVENTO	42000.00	414
415	Salário Base	PROVENTO	12000.00	415
416	Salário Base	PROVENTO	8000.00	416
417	Salário Base	PROVENTO	20000.00	417
418	Salário Base	PROVENTO	12000.00	418
419	Salário Base	PROVENTO	12000.00	419
420	Salário Base	PROVENTO	50000.00	420
421	Salário Base	PROVENTO	11500.00	421
422	Salário Base	PROVENTO	13000.00	422
423	Salário Base	PROVENTO	21000.00	423
424	Salário Base	PROVENTO	22000.00	424
425	Salário Base	PROVENTO	14000.00	425
426	Salário Base	PROVENTO	11000.00	426
427	Salário Base	PROVENTO	54000.00	427
428	Salário Base	PROVENTO	45000.00	428
429	Salário Base	PROVENTO	14000.00	429
430	Salário Base	PROVENTO	14000.00	430
431	Salário Base	PROVENTO	24000.00	431
432	Salário Base	PROVENTO	12000.00	432
433	Salário Base	PROVENTO	15000.00	433
434	Salário Base	PROVENTO	12000.00	434
435	Salário Base	PROVENTO	26000.00	435
436	Salário Base	PROVENTO	21000.00	436
437	Salário Base	PROVENTO	35000.00	437
438	Salário Base	PROVENTO	11000.00	438
439	Salário Base	PROVENTO	20000.00	439
440	Salário Base	PROVENTO	13000.00	440
441	Salário Base	PROVENTO	25000.00	441
442	Salário Base	PROVENTO	22000.00	442
443	Salário Base	PROVENTO	45000.00	443
444	Salário Base	PROVENTO	42000.00	444
445	Salário Base	PROVENTO	20500.00	445
446	Salário Base	PROVENTO	14500.00	446
447	Salário Base	PROVENTO	15000.00	447
448	Salário Base	PROVENTO	13500.00	448
449	Salário Base	PROVENTO	13000.00	449
450	Salário Base	PROVENTO	13000.00	450
451	Salário Base	PROVENTO	90000.00	451
452	Salário Base	PROVENTO	32000.00	452
453	Salário Base	PROVENTO	88000.00	453
454	Salário Base	PROVENTO	52000.00	454
455	Salário Base	PROVENTO	15000.00	455
456	Salário Base	PROVENTO	82000.00	456
457	Salário Base	PROVENTO	12000.00	457
458	Salário Base	PROVENTO	12500.00	458
459	Salário Base	PROVENTO	58000.00	459
460	Salário Base	PROVENTO	23000.00	460
461	Salário Base	PROVENTO	57000.00	461
462	Salário Base	PROVENTO	12000.00	462
463	Salário Base	PROVENTO	12000.00	463
464	Salário Base	PROVENTO	42000.00	464
465	Salário Base	PROVENTO	12000.00	465
466	Salário Base	PROVENTO	8000.00	466
467	Salário Base	PROVENTO	20000.00	467
468	Salário Base	PROVENTO	12000.00	468
469	Salário Base	PROVENTO	12000.00	469
470	Salário Base	PROVENTO	50000.00	470
471	Salário Base	PROVENTO	11500.00	471
472	Salário Base	PROVENTO	13000.00	472
473	Salário Base	PROVENTO	21000.00	473
474	Salário Base	PROVENTO	22000.00	474
475	Salário Base	PROVENTO	14000.00	475
476	Salário Base	PROVENTO	11000.00	476
477	Salário Base	PROVENTO	54000.00	477
478	Salário Base	PROVENTO	45000.00	478
479	Salário Base	PROVENTO	14000.00	479
480	Salário Base	PROVENTO	14000.00	480
481	Salário Base	PROVENTO	24000.00	481
482	Salário Base	PROVENTO	12000.00	482
483	Salário Base	PROVENTO	15000.00	483
484	Salário Base	PROVENTO	12000.00	484
485	Salário Base	PROVENTO	26000.00	485
486	Salário Base	PROVENTO	21000.00	486
487	Salário Base	PROVENTO	35000.00	487
488	Salário Base	PROVENTO	11000.00	488
489	Salário Base	PROVENTO	20000.00	489
490	Salário Base	PROVENTO	13000.00	490
491	Salário Base	PROVENTO	25000.00	491
492	Salário Base	PROVENTO	22000.00	492
493	Salário Base	PROVENTO	45000.00	493
494	Salário Base	PROVENTO	42000.00	494
495	Salário Base	PROVENTO	20500.00	495
496	Salário Base	PROVENTO	14500.00	496
497	Salário Base	PROVENTO	15000.00	497
498	Salário Base	PROVENTO	13500.00	498
499	Salário Base	PROVENTO	13000.00	499
500	Salário Base	PROVENTO	13000.00	500
501	Salário Base	PROVENTO	90000.00	501
502	Salário Base	PROVENTO	32000.00	502
503	Salário Base	PROVENTO	88000.00	503
504	Salário Base	PROVENTO	52000.00	504
505	Salário Base	PROVENTO	15000.00	505
506	Salário Base	PROVENTO	82000.00	506
507	Salário Base	PROVENTO	12000.00	507
508	Salário Base	PROVENTO	12500.00	508
509	Salário Base	PROVENTO	58000.00	509
510	Salário Base	PROVENTO	23000.00	510
511	Salário Base	PROVENTO	57000.00	511
512	Salário Base	PROVENTO	12000.00	512
513	Salário Base	PROVENTO	12000.00	513
514	Salário Base	PROVENTO	42000.00	514
515	Salário Base	PROVENTO	12000.00	515
516	Salário Base	PROVENTO	8000.00	516
517	Salário Base	PROVENTO	20000.00	517
518	Salário Base	PROVENTO	12000.00	518
519	Salário Base	PROVENTO	12000.00	519
520	Salário Base	PROVENTO	50000.00	520
521	Salário Base	PROVENTO	11500.00	521
522	Salário Base	PROVENTO	13000.00	522
523	Salário Base	PROVENTO	21000.00	523
524	Salário Base	PROVENTO	22000.00	524
525	Salário Base	PROVENTO	14000.00	525
526	Salário Base	PROVENTO	11000.00	526
527	Salário Base	PROVENTO	54000.00	527
528	Salário Base	PROVENTO	45000.00	528
529	Salário Base	PROVENTO	14000.00	529
530	Salário Base	PROVENTO	14000.00	530
531	Salário Base	PROVENTO	24000.00	531
532	Salário Base	PROVENTO	12000.00	532
533	Salário Base	PROVENTO	15000.00	533
534	Salário Base	PROVENTO	12000.00	534
535	Salário Base	PROVENTO	26000.00	535
536	Salário Base	PROVENTO	21000.00	536
537	Salário Base	PROVENTO	35000.00	537
538	Salário Base	PROVENTO	11000.00	538
539	Salário Base	PROVENTO	20000.00	539
540	Salário Base	PROVENTO	13000.00	540
541	Salário Base	PROVENTO	25000.00	541
542	Salário Base	PROVENTO	22000.00	542
543	Salário Base	PROVENTO	45000.00	543
544	Salário Base	PROVENTO	42000.00	544
545	Salário Base	PROVENTO	20500.00	545
546	Salário Base	PROVENTO	14500.00	546
547	Salário Base	PROVENTO	15000.00	547
548	Salário Base	PROVENTO	13500.00	548
549	Salário Base	PROVENTO	13000.00	549
550	Salário Base	PROVENTO	13000.00	550
551	Salário Base	PROVENTO	90000.00	551
552	Salário Base	PROVENTO	32000.00	552
553	Salário Base	PROVENTO	88000.00	553
554	Salário Base	PROVENTO	52000.00	554
555	Salário Base	PROVENTO	15000.00	555
556	Salário Base	PROVENTO	82000.00	556
557	Salário Base	PROVENTO	12000.00	557
558	Salário Base	PROVENTO	12500.00	558
559	Salário Base	PROVENTO	58000.00	559
560	Salário Base	PROVENTO	23000.00	560
561	Salário Base	PROVENTO	57000.00	561
562	Salário Base	PROVENTO	12000.00	562
563	Salário Base	PROVENTO	12000.00	563
564	Salário Base	PROVENTO	42000.00	564
565	Salário Base	PROVENTO	12000.00	565
566	Salário Base	PROVENTO	8000.00	566
567	Salário Base	PROVENTO	20000.00	567
568	Salário Base	PROVENTO	12000.00	568
569	Salário Base	PROVENTO	12000.00	569
570	Salário Base	PROVENTO	50000.00	570
571	Salário Base	PROVENTO	11500.00	571
572	Salário Base	PROVENTO	13000.00	572
573	Salário Base	PROVENTO	21000.00	573
574	Salário Base	PROVENTO	22000.00	574
575	Salário Base	PROVENTO	14000.00	575
576	Salário Base	PROVENTO	11000.00	576
577	Salário Base	PROVENTO	54000.00	577
578	Salário Base	PROVENTO	45000.00	578
579	Salário Base	PROVENTO	14000.00	579
580	Salário Base	PROVENTO	14000.00	580
581	Salário Base	PROVENTO	24000.00	581
582	Salário Base	PROVENTO	12000.00	582
583	Salário Base	PROVENTO	15000.00	583
584	Salário Base	PROVENTO	12000.00	584
585	Salário Base	PROVENTO	26000.00	585
586	Salário Base	PROVENTO	21000.00	586
587	Salário Base	PROVENTO	35000.00	587
588	Salário Base	PROVENTO	11000.00	588
589	Salário Base	PROVENTO	20000.00	589
590	Salário Base	PROVENTO	13000.00	590
591	Salário Base	PROVENTO	25000.00	591
592	Salário Base	PROVENTO	22000.00	592
593	Salário Base	PROVENTO	45000.00	593
594	Salário Base	PROVENTO	42000.00	594
595	Salário Base	PROVENTO	20500.00	595
596	Salário Base	PROVENTO	14500.00	596
597	Salário Base	PROVENTO	15000.00	597
598	Salário Base	PROVENTO	13500.00	598
599	Salário Base	PROVENTO	13000.00	599
600	Salário Base	PROVENTO	13000.00	600
601	INSS	DESCONTO	7200.00	1
602	INSS	DESCONTO	2560.00	2
603	INSS	DESCONTO	7040.00	3
604	INSS	DESCONTO	4160.00	4
605	INSS	DESCONTO	1200.00	5
606	INSS	DESCONTO	6560.00	6
607	INSS	DESCONTO	960.00	7
608	INSS	DESCONTO	1000.00	8
609	INSS	DESCONTO	4640.00	9
610	INSS	DESCONTO	1840.00	10
611	INSS	DESCONTO	4560.00	11
612	INSS	DESCONTO	960.00	12
613	INSS	DESCONTO	960.00	13
614	INSS	DESCONTO	3360.00	14
615	INSS	DESCONTO	960.00	15
616	INSS	DESCONTO	640.00	16
617	INSS	DESCONTO	1600.00	17
618	INSS	DESCONTO	960.00	18
619	INSS	DESCONTO	960.00	19
620	INSS	DESCONTO	4000.00	20
621	INSS	DESCONTO	920.00	21
622	INSS	DESCONTO	1040.00	22
623	INSS	DESCONTO	1680.00	23
624	INSS	DESCONTO	1760.00	24
625	INSS	DESCONTO	1120.00	25
626	INSS	DESCONTO	880.00	26
627	INSS	DESCONTO	4320.00	27
628	INSS	DESCONTO	3600.00	28
629	INSS	DESCONTO	1120.00	29
630	INSS	DESCONTO	1120.00	30
631	INSS	DESCONTO	1920.00	31
632	INSS	DESCONTO	960.00	32
633	INSS	DESCONTO	1200.00	33
634	INSS	DESCONTO	960.00	34
635	INSS	DESCONTO	2080.00	35
636	INSS	DESCONTO	1680.00	36
637	INSS	DESCONTO	2800.00	37
638	INSS	DESCONTO	880.00	38
639	INSS	DESCONTO	1600.00	39
640	INSS	DESCONTO	1040.00	40
641	INSS	DESCONTO	2000.00	41
642	INSS	DESCONTO	1760.00	42
643	INSS	DESCONTO	3600.00	43
644	INSS	DESCONTO	3360.00	44
645	INSS	DESCONTO	1640.00	45
646	INSS	DESCONTO	1160.00	46
647	INSS	DESCONTO	1200.00	47
648	INSS	DESCONTO	1080.00	48
649	INSS	DESCONTO	1040.00	49
650	INSS	DESCONTO	1040.00	50
651	INSS	DESCONTO	7200.00	51
652	INSS	DESCONTO	2560.00	52
653	INSS	DESCONTO	7040.00	53
654	INSS	DESCONTO	4160.00	54
655	INSS	DESCONTO	1200.00	55
656	INSS	DESCONTO	6560.00	56
657	INSS	DESCONTO	960.00	57
658	INSS	DESCONTO	1000.00	58
659	INSS	DESCONTO	4640.00	59
660	INSS	DESCONTO	1840.00	60
661	INSS	DESCONTO	4560.00	61
662	INSS	DESCONTO	960.00	62
663	INSS	DESCONTO	960.00	63
664	INSS	DESCONTO	3360.00	64
665	INSS	DESCONTO	960.00	65
666	INSS	DESCONTO	640.00	66
667	INSS	DESCONTO	1600.00	67
668	INSS	DESCONTO	960.00	68
669	INSS	DESCONTO	960.00	69
670	INSS	DESCONTO	4000.00	70
671	INSS	DESCONTO	920.00	71
672	INSS	DESCONTO	1040.00	72
673	INSS	DESCONTO	1680.00	73
674	INSS	DESCONTO	1760.00	74
675	INSS	DESCONTO	1120.00	75
676	INSS	DESCONTO	880.00	76
677	INSS	DESCONTO	4320.00	77
678	INSS	DESCONTO	3600.00	78
679	INSS	DESCONTO	1120.00	79
680	INSS	DESCONTO	1120.00	80
681	INSS	DESCONTO	1920.00	81
682	INSS	DESCONTO	960.00	82
683	INSS	DESCONTO	1200.00	83
684	INSS	DESCONTO	960.00	84
685	INSS	DESCONTO	2080.00	85
686	INSS	DESCONTO	1680.00	86
687	INSS	DESCONTO	2800.00	87
688	INSS	DESCONTO	880.00	88
689	INSS	DESCONTO	1600.00	89
690	INSS	DESCONTO	1040.00	90
691	INSS	DESCONTO	2000.00	91
692	INSS	DESCONTO	1760.00	92
693	INSS	DESCONTO	3600.00	93
694	INSS	DESCONTO	3360.00	94
695	INSS	DESCONTO	1640.00	95
696	INSS	DESCONTO	1160.00	96
697	INSS	DESCONTO	1200.00	97
698	INSS	DESCONTO	1080.00	98
699	INSS	DESCONTO	1040.00	99
700	INSS	DESCONTO	1040.00	100
701	INSS	DESCONTO	7200.00	101
702	INSS	DESCONTO	2560.00	102
703	INSS	DESCONTO	7040.00	103
704	INSS	DESCONTO	4160.00	104
705	INSS	DESCONTO	1200.00	105
706	INSS	DESCONTO	6560.00	106
707	INSS	DESCONTO	960.00	107
708	INSS	DESCONTO	1000.00	108
709	INSS	DESCONTO	4640.00	109
710	INSS	DESCONTO	1840.00	110
711	INSS	DESCONTO	4560.00	111
712	INSS	DESCONTO	960.00	112
713	INSS	DESCONTO	960.00	113
714	INSS	DESCONTO	3360.00	114
715	INSS	DESCONTO	960.00	115
716	INSS	DESCONTO	640.00	116
717	INSS	DESCONTO	1600.00	117
718	INSS	DESCONTO	960.00	118
719	INSS	DESCONTO	960.00	119
720	INSS	DESCONTO	4000.00	120
721	INSS	DESCONTO	920.00	121
722	INSS	DESCONTO	1040.00	122
723	INSS	DESCONTO	1680.00	123
724	INSS	DESCONTO	1760.00	124
725	INSS	DESCONTO	1120.00	125
726	INSS	DESCONTO	880.00	126
727	INSS	DESCONTO	4320.00	127
728	INSS	DESCONTO	3600.00	128
729	INSS	DESCONTO	1120.00	129
730	INSS	DESCONTO	1120.00	130
731	INSS	DESCONTO	1920.00	131
732	INSS	DESCONTO	960.00	132
733	INSS	DESCONTO	1200.00	133
734	INSS	DESCONTO	960.00	134
735	INSS	DESCONTO	2080.00	135
736	INSS	DESCONTO	1680.00	136
737	INSS	DESCONTO	2800.00	137
738	INSS	DESCONTO	880.00	138
739	INSS	DESCONTO	1600.00	139
740	INSS	DESCONTO	1040.00	140
741	INSS	DESCONTO	2000.00	141
742	INSS	DESCONTO	1760.00	142
743	INSS	DESCONTO	3600.00	143
744	INSS	DESCONTO	3360.00	144
745	INSS	DESCONTO	1640.00	145
746	INSS	DESCONTO	1160.00	146
747	INSS	DESCONTO	1200.00	147
748	INSS	DESCONTO	1080.00	148
749	INSS	DESCONTO	1040.00	149
750	INSS	DESCONTO	1040.00	150
751	INSS	DESCONTO	7200.00	151
752	INSS	DESCONTO	2560.00	152
753	INSS	DESCONTO	7040.00	153
754	INSS	DESCONTO	4160.00	154
755	INSS	DESCONTO	1200.00	155
756	INSS	DESCONTO	6560.00	156
757	INSS	DESCONTO	960.00	157
758	INSS	DESCONTO	1000.00	158
759	INSS	DESCONTO	4640.00	159
760	INSS	DESCONTO	1840.00	160
761	INSS	DESCONTO	4560.00	161
762	INSS	DESCONTO	960.00	162
763	INSS	DESCONTO	960.00	163
764	INSS	DESCONTO	3360.00	164
765	INSS	DESCONTO	960.00	165
766	INSS	DESCONTO	640.00	166
767	INSS	DESCONTO	1600.00	167
768	INSS	DESCONTO	960.00	168
769	INSS	DESCONTO	960.00	169
770	INSS	DESCONTO	4000.00	170
771	INSS	DESCONTO	920.00	171
772	INSS	DESCONTO	1040.00	172
773	INSS	DESCONTO	1680.00	173
774	INSS	DESCONTO	1760.00	174
775	INSS	DESCONTO	1120.00	175
776	INSS	DESCONTO	880.00	176
777	INSS	DESCONTO	4320.00	177
778	INSS	DESCONTO	3600.00	178
779	INSS	DESCONTO	1120.00	179
780	INSS	DESCONTO	1120.00	180
781	INSS	DESCONTO	1920.00	181
782	INSS	DESCONTO	960.00	182
783	INSS	DESCONTO	1200.00	183
784	INSS	DESCONTO	960.00	184
785	INSS	DESCONTO	2080.00	185
786	INSS	DESCONTO	1680.00	186
787	INSS	DESCONTO	2800.00	187
788	INSS	DESCONTO	880.00	188
789	INSS	DESCONTO	1600.00	189
790	INSS	DESCONTO	1040.00	190
791	INSS	DESCONTO	2000.00	191
792	INSS	DESCONTO	1760.00	192
793	INSS	DESCONTO	3600.00	193
794	INSS	DESCONTO	3360.00	194
795	INSS	DESCONTO	1640.00	195
796	INSS	DESCONTO	1160.00	196
797	INSS	DESCONTO	1200.00	197
798	INSS	DESCONTO	1080.00	198
799	INSS	DESCONTO	1040.00	199
800	INSS	DESCONTO	1040.00	200
801	INSS	DESCONTO	7200.00	201
802	INSS	DESCONTO	2560.00	202
803	INSS	DESCONTO	7040.00	203
804	INSS	DESCONTO	4160.00	204
805	INSS	DESCONTO	1200.00	205
806	INSS	DESCONTO	6560.00	206
807	INSS	DESCONTO	960.00	207
808	INSS	DESCONTO	1000.00	208
809	INSS	DESCONTO	4640.00	209
810	INSS	DESCONTO	1840.00	210
811	INSS	DESCONTO	4560.00	211
812	INSS	DESCONTO	960.00	212
813	INSS	DESCONTO	960.00	213
814	INSS	DESCONTO	3360.00	214
815	INSS	DESCONTO	960.00	215
816	INSS	DESCONTO	640.00	216
817	INSS	DESCONTO	1600.00	217
818	INSS	DESCONTO	960.00	218
819	INSS	DESCONTO	960.00	219
820	INSS	DESCONTO	4000.00	220
821	INSS	DESCONTO	920.00	221
822	INSS	DESCONTO	1040.00	222
823	INSS	DESCONTO	1680.00	223
824	INSS	DESCONTO	1760.00	224
825	INSS	DESCONTO	1120.00	225
826	INSS	DESCONTO	880.00	226
827	INSS	DESCONTO	4320.00	227
828	INSS	DESCONTO	3600.00	228
829	INSS	DESCONTO	1120.00	229
830	INSS	DESCONTO	1120.00	230
831	INSS	DESCONTO	1920.00	231
832	INSS	DESCONTO	960.00	232
833	INSS	DESCONTO	1200.00	233
834	INSS	DESCONTO	960.00	234
835	INSS	DESCONTO	2080.00	235
836	INSS	DESCONTO	1680.00	236
837	INSS	DESCONTO	2800.00	237
838	INSS	DESCONTO	880.00	238
839	INSS	DESCONTO	1600.00	239
840	INSS	DESCONTO	1040.00	240
841	INSS	DESCONTO	2000.00	241
842	INSS	DESCONTO	1760.00	242
843	INSS	DESCONTO	3600.00	243
844	INSS	DESCONTO	3360.00	244
845	INSS	DESCONTO	1640.00	245
846	INSS	DESCONTO	1160.00	246
847	INSS	DESCONTO	1200.00	247
848	INSS	DESCONTO	1080.00	248
849	INSS	DESCONTO	1040.00	249
850	INSS	DESCONTO	1040.00	250
851	INSS	DESCONTO	7200.00	251
852	INSS	DESCONTO	2560.00	252
853	INSS	DESCONTO	7040.00	253
854	INSS	DESCONTO	4160.00	254
855	INSS	DESCONTO	1200.00	255
856	INSS	DESCONTO	6560.00	256
857	INSS	DESCONTO	960.00	257
858	INSS	DESCONTO	1000.00	258
859	INSS	DESCONTO	4640.00	259
860	INSS	DESCONTO	1840.00	260
861	INSS	DESCONTO	4560.00	261
862	INSS	DESCONTO	960.00	262
863	INSS	DESCONTO	960.00	263
864	INSS	DESCONTO	3360.00	264
865	INSS	DESCONTO	960.00	265
866	INSS	DESCONTO	640.00	266
867	INSS	DESCONTO	1600.00	267
868	INSS	DESCONTO	960.00	268
869	INSS	DESCONTO	960.00	269
870	INSS	DESCONTO	4000.00	270
871	INSS	DESCONTO	920.00	271
872	INSS	DESCONTO	1040.00	272
873	INSS	DESCONTO	1680.00	273
874	INSS	DESCONTO	1760.00	274
875	INSS	DESCONTO	1120.00	275
876	INSS	DESCONTO	880.00	276
877	INSS	DESCONTO	4320.00	277
878	INSS	DESCONTO	3600.00	278
879	INSS	DESCONTO	1120.00	279
880	INSS	DESCONTO	1120.00	280
881	INSS	DESCONTO	1920.00	281
882	INSS	DESCONTO	960.00	282
883	INSS	DESCONTO	1200.00	283
884	INSS	DESCONTO	960.00	284
885	INSS	DESCONTO	2080.00	285
886	INSS	DESCONTO	1680.00	286
887	INSS	DESCONTO	2800.00	287
888	INSS	DESCONTO	880.00	288
889	INSS	DESCONTO	1600.00	289
890	INSS	DESCONTO	1040.00	290
891	INSS	DESCONTO	2000.00	291
892	INSS	DESCONTO	1760.00	292
893	INSS	DESCONTO	3600.00	293
894	INSS	DESCONTO	3360.00	294
895	INSS	DESCONTO	1640.00	295
896	INSS	DESCONTO	1160.00	296
897	INSS	DESCONTO	1200.00	297
898	INSS	DESCONTO	1080.00	298
899	INSS	DESCONTO	1040.00	299
900	INSS	DESCONTO	1040.00	300
901	INSS	DESCONTO	7200.00	301
902	INSS	DESCONTO	2560.00	302
903	INSS	DESCONTO	7040.00	303
904	INSS	DESCONTO	4160.00	304
905	INSS	DESCONTO	1200.00	305
906	INSS	DESCONTO	6560.00	306
907	INSS	DESCONTO	960.00	307
908	INSS	DESCONTO	1000.00	308
909	INSS	DESCONTO	4640.00	309
910	INSS	DESCONTO	1840.00	310
911	INSS	DESCONTO	4560.00	311
912	INSS	DESCONTO	960.00	312
913	INSS	DESCONTO	960.00	313
914	INSS	DESCONTO	3360.00	314
915	INSS	DESCONTO	960.00	315
916	INSS	DESCONTO	640.00	316
917	INSS	DESCONTO	1600.00	317
918	INSS	DESCONTO	960.00	318
919	INSS	DESCONTO	960.00	319
920	INSS	DESCONTO	4000.00	320
921	INSS	DESCONTO	920.00	321
922	INSS	DESCONTO	1040.00	322
923	INSS	DESCONTO	1680.00	323
924	INSS	DESCONTO	1760.00	324
925	INSS	DESCONTO	1120.00	325
926	INSS	DESCONTO	880.00	326
927	INSS	DESCONTO	4320.00	327
928	INSS	DESCONTO	3600.00	328
929	INSS	DESCONTO	1120.00	329
930	INSS	DESCONTO	1120.00	330
931	INSS	DESCONTO	1920.00	331
932	INSS	DESCONTO	960.00	332
933	INSS	DESCONTO	1200.00	333
934	INSS	DESCONTO	960.00	334
935	INSS	DESCONTO	2080.00	335
936	INSS	DESCONTO	1680.00	336
937	INSS	DESCONTO	2800.00	337
938	INSS	DESCONTO	880.00	338
939	INSS	DESCONTO	1600.00	339
940	INSS	DESCONTO	1040.00	340
941	INSS	DESCONTO	2000.00	341
942	INSS	DESCONTO	1760.00	342
943	INSS	DESCONTO	3600.00	343
944	INSS	DESCONTO	3360.00	344
945	INSS	DESCONTO	1640.00	345
946	INSS	DESCONTO	1160.00	346
947	INSS	DESCONTO	1200.00	347
948	INSS	DESCONTO	1080.00	348
949	INSS	DESCONTO	1040.00	349
950	INSS	DESCONTO	1040.00	350
951	INSS	DESCONTO	7200.00	351
952	INSS	DESCONTO	2560.00	352
953	INSS	DESCONTO	7040.00	353
954	INSS	DESCONTO	4160.00	354
955	INSS	DESCONTO	1200.00	355
956	INSS	DESCONTO	6560.00	356
957	INSS	DESCONTO	960.00	357
958	INSS	DESCONTO	1000.00	358
959	INSS	DESCONTO	4640.00	359
960	INSS	DESCONTO	1840.00	360
961	INSS	DESCONTO	4560.00	361
962	INSS	DESCONTO	960.00	362
963	INSS	DESCONTO	960.00	363
964	INSS	DESCONTO	3360.00	364
965	INSS	DESCONTO	960.00	365
966	INSS	DESCONTO	640.00	366
967	INSS	DESCONTO	1600.00	367
968	INSS	DESCONTO	960.00	368
969	INSS	DESCONTO	960.00	369
970	INSS	DESCONTO	4000.00	370
971	INSS	DESCONTO	920.00	371
972	INSS	DESCONTO	1040.00	372
973	INSS	DESCONTO	1680.00	373
974	INSS	DESCONTO	1760.00	374
975	INSS	DESCONTO	1120.00	375
976	INSS	DESCONTO	880.00	376
977	INSS	DESCONTO	4320.00	377
978	INSS	DESCONTO	3600.00	378
979	INSS	DESCONTO	1120.00	379
980	INSS	DESCONTO	1120.00	380
981	INSS	DESCONTO	1920.00	381
982	INSS	DESCONTO	960.00	382
983	INSS	DESCONTO	1200.00	383
984	INSS	DESCONTO	960.00	384
985	INSS	DESCONTO	2080.00	385
986	INSS	DESCONTO	1680.00	386
987	INSS	DESCONTO	2800.00	387
988	INSS	DESCONTO	880.00	388
989	INSS	DESCONTO	1600.00	389
990	INSS	DESCONTO	1040.00	390
991	INSS	DESCONTO	2000.00	391
992	INSS	DESCONTO	1760.00	392
993	INSS	DESCONTO	3600.00	393
994	INSS	DESCONTO	3360.00	394
995	INSS	DESCONTO	1640.00	395
996	INSS	DESCONTO	1160.00	396
997	INSS	DESCONTO	1200.00	397
998	INSS	DESCONTO	1080.00	398
999	INSS	DESCONTO	1040.00	399
1000	INSS	DESCONTO	1040.00	400
1001	INSS	DESCONTO	7200.00	401
1002	INSS	DESCONTO	2560.00	402
1003	INSS	DESCONTO	7040.00	403
1004	INSS	DESCONTO	4160.00	404
1005	INSS	DESCONTO	1200.00	405
1006	INSS	DESCONTO	6560.00	406
1007	INSS	DESCONTO	960.00	407
1008	INSS	DESCONTO	1000.00	408
1009	INSS	DESCONTO	4640.00	409
1010	INSS	DESCONTO	1840.00	410
1011	INSS	DESCONTO	4560.00	411
1012	INSS	DESCONTO	960.00	412
1013	INSS	DESCONTO	960.00	413
1014	INSS	DESCONTO	3360.00	414
1015	INSS	DESCONTO	960.00	415
1016	INSS	DESCONTO	640.00	416
1017	INSS	DESCONTO	1600.00	417
1018	INSS	DESCONTO	960.00	418
1019	INSS	DESCONTO	960.00	419
1020	INSS	DESCONTO	4000.00	420
1021	INSS	DESCONTO	920.00	421
1022	INSS	DESCONTO	1040.00	422
1023	INSS	DESCONTO	1680.00	423
1024	INSS	DESCONTO	1760.00	424
1025	INSS	DESCONTO	1120.00	425
1026	INSS	DESCONTO	880.00	426
1027	INSS	DESCONTO	4320.00	427
1028	INSS	DESCONTO	3600.00	428
1029	INSS	DESCONTO	1120.00	429
1030	INSS	DESCONTO	1120.00	430
1031	INSS	DESCONTO	1920.00	431
1032	INSS	DESCONTO	960.00	432
1033	INSS	DESCONTO	1200.00	433
1034	INSS	DESCONTO	960.00	434
1035	INSS	DESCONTO	2080.00	435
1036	INSS	DESCONTO	1680.00	436
1037	INSS	DESCONTO	2800.00	437
1038	INSS	DESCONTO	880.00	438
1039	INSS	DESCONTO	1600.00	439
1040	INSS	DESCONTO	1040.00	440
1041	INSS	DESCONTO	2000.00	441
1042	INSS	DESCONTO	1760.00	442
1043	INSS	DESCONTO	3600.00	443
1044	INSS	DESCONTO	3360.00	444
1045	INSS	DESCONTO	1640.00	445
1046	INSS	DESCONTO	1160.00	446
1047	INSS	DESCONTO	1200.00	447
1048	INSS	DESCONTO	1080.00	448
1049	INSS	DESCONTO	1040.00	449
1050	INSS	DESCONTO	1040.00	450
1051	INSS	DESCONTO	7200.00	451
1052	INSS	DESCONTO	2560.00	452
1053	INSS	DESCONTO	7040.00	453
1054	INSS	DESCONTO	4160.00	454
1055	INSS	DESCONTO	1200.00	455
1056	INSS	DESCONTO	6560.00	456
1057	INSS	DESCONTO	960.00	457
1058	INSS	DESCONTO	1000.00	458
1059	INSS	DESCONTO	4640.00	459
1060	INSS	DESCONTO	1840.00	460
1061	INSS	DESCONTO	4560.00	461
1062	INSS	DESCONTO	960.00	462
1063	INSS	DESCONTO	960.00	463
1064	INSS	DESCONTO	3360.00	464
1065	INSS	DESCONTO	960.00	465
1066	INSS	DESCONTO	640.00	466
1067	INSS	DESCONTO	1600.00	467
1068	INSS	DESCONTO	960.00	468
1069	INSS	DESCONTO	960.00	469
1070	INSS	DESCONTO	4000.00	470
1071	INSS	DESCONTO	920.00	471
1072	INSS	DESCONTO	1040.00	472
1073	INSS	DESCONTO	1680.00	473
1074	INSS	DESCONTO	1760.00	474
1075	INSS	DESCONTO	1120.00	475
1076	INSS	DESCONTO	880.00	476
1077	INSS	DESCONTO	4320.00	477
1078	INSS	DESCONTO	3600.00	478
1079	INSS	DESCONTO	1120.00	479
1080	INSS	DESCONTO	1120.00	480
1081	INSS	DESCONTO	1920.00	481
1082	INSS	DESCONTO	960.00	482
1083	INSS	DESCONTO	1200.00	483
1084	INSS	DESCONTO	960.00	484
1085	INSS	DESCONTO	2080.00	485
1086	INSS	DESCONTO	1680.00	486
1087	INSS	DESCONTO	2800.00	487
1088	INSS	DESCONTO	880.00	488
1089	INSS	DESCONTO	1600.00	489
1090	INSS	DESCONTO	1040.00	490
1091	INSS	DESCONTO	2000.00	491
1092	INSS	DESCONTO	1760.00	492
1093	INSS	DESCONTO	3600.00	493
1094	INSS	DESCONTO	3360.00	494
1095	INSS	DESCONTO	1640.00	495
1096	INSS	DESCONTO	1160.00	496
1097	INSS	DESCONTO	1200.00	497
1098	INSS	DESCONTO	1080.00	498
1099	INSS	DESCONTO	1040.00	499
1100	INSS	DESCONTO	1040.00	500
1101	INSS	DESCONTO	7200.00	501
1102	INSS	DESCONTO	2560.00	502
1103	INSS	DESCONTO	7040.00	503
1104	INSS	DESCONTO	4160.00	504
1105	INSS	DESCONTO	1200.00	505
1106	INSS	DESCONTO	6560.00	506
1107	INSS	DESCONTO	960.00	507
1108	INSS	DESCONTO	1000.00	508
1109	INSS	DESCONTO	4640.00	509
1110	INSS	DESCONTO	1840.00	510
1111	INSS	DESCONTO	4560.00	511
1112	INSS	DESCONTO	960.00	512
1113	INSS	DESCONTO	960.00	513
1114	INSS	DESCONTO	3360.00	514
1115	INSS	DESCONTO	960.00	515
1116	INSS	DESCONTO	640.00	516
1117	INSS	DESCONTO	1600.00	517
1118	INSS	DESCONTO	960.00	518
1119	INSS	DESCONTO	960.00	519
1120	INSS	DESCONTO	4000.00	520
1121	INSS	DESCONTO	920.00	521
1122	INSS	DESCONTO	1040.00	522
1123	INSS	DESCONTO	1680.00	523
1124	INSS	DESCONTO	1760.00	524
1125	INSS	DESCONTO	1120.00	525
1126	INSS	DESCONTO	880.00	526
1127	INSS	DESCONTO	4320.00	527
1128	INSS	DESCONTO	3600.00	528
1129	INSS	DESCONTO	1120.00	529
1130	INSS	DESCONTO	1120.00	530
1131	INSS	DESCONTO	1920.00	531
1132	INSS	DESCONTO	960.00	532
1133	INSS	DESCONTO	1200.00	533
1134	INSS	DESCONTO	960.00	534
1135	INSS	DESCONTO	2080.00	535
1136	INSS	DESCONTO	1680.00	536
1137	INSS	DESCONTO	2800.00	537
1138	INSS	DESCONTO	880.00	538
1139	INSS	DESCONTO	1600.00	539
1140	INSS	DESCONTO	1040.00	540
1141	INSS	DESCONTO	2000.00	541
1142	INSS	DESCONTO	1760.00	542
1143	INSS	DESCONTO	3600.00	543
1144	INSS	DESCONTO	3360.00	544
1145	INSS	DESCONTO	1640.00	545
1146	INSS	DESCONTO	1160.00	546
1147	INSS	DESCONTO	1200.00	547
1148	INSS	DESCONTO	1080.00	548
1149	INSS	DESCONTO	1040.00	549
1150	INSS	DESCONTO	1040.00	550
1151	INSS	DESCONTO	7200.00	551
1152	INSS	DESCONTO	2560.00	552
1153	INSS	DESCONTO	7040.00	553
1154	INSS	DESCONTO	4160.00	554
1155	INSS	DESCONTO	1200.00	555
1156	INSS	DESCONTO	6560.00	556
1157	INSS	DESCONTO	960.00	557
1158	INSS	DESCONTO	1000.00	558
1159	INSS	DESCONTO	4640.00	559
1160	INSS	DESCONTO	1840.00	560
1161	INSS	DESCONTO	4560.00	561
1162	INSS	DESCONTO	960.00	562
1163	INSS	DESCONTO	960.00	563
1164	INSS	DESCONTO	3360.00	564
1165	INSS	DESCONTO	960.00	565
1166	INSS	DESCONTO	640.00	566
1167	INSS	DESCONTO	1600.00	567
1168	INSS	DESCONTO	960.00	568
1169	INSS	DESCONTO	960.00	569
1170	INSS	DESCONTO	4000.00	570
1171	INSS	DESCONTO	920.00	571
1172	INSS	DESCONTO	1040.00	572
1173	INSS	DESCONTO	1680.00	573
1174	INSS	DESCONTO	1760.00	574
1175	INSS	DESCONTO	1120.00	575
1176	INSS	DESCONTO	880.00	576
1177	INSS	DESCONTO	4320.00	577
1178	INSS	DESCONTO	3600.00	578
1179	INSS	DESCONTO	1120.00	579
1180	INSS	DESCONTO	1120.00	580
1181	INSS	DESCONTO	1920.00	581
1182	INSS	DESCONTO	960.00	582
1183	INSS	DESCONTO	1200.00	583
1184	INSS	DESCONTO	960.00	584
1185	INSS	DESCONTO	2080.00	585
1186	INSS	DESCONTO	1680.00	586
1187	INSS	DESCONTO	2800.00	587
1188	INSS	DESCONTO	880.00	588
1189	INSS	DESCONTO	1600.00	589
1190	INSS	DESCONTO	1040.00	590
1191	INSS	DESCONTO	2000.00	591
1192	INSS	DESCONTO	1760.00	592
1193	INSS	DESCONTO	3600.00	593
1194	INSS	DESCONTO	3360.00	594
1195	INSS	DESCONTO	1640.00	595
1196	INSS	DESCONTO	1160.00	596
1197	INSS	DESCONTO	1200.00	597
1198	INSS	DESCONTO	1080.00	598
1199	INSS	DESCONTO	1040.00	599
1200	INSS	DESCONTO	1040.00	600
1201	IRRF	DESCONTO	2700.00	1
1202	IRRF	DESCONTO	960.00	2
1203	IRRF	DESCONTO	2640.00	3
1204	IRRF	DESCONTO	1560.00	4
1205	IRRF	DESCONTO	450.00	5
1206	IRRF	DESCONTO	2460.00	6
1207	IRRF	DESCONTO	360.00	7
1208	IRRF	DESCONTO	375.00	8
1209	IRRF	DESCONTO	1740.00	9
1210	IRRF	DESCONTO	690.00	10
1211	IRRF	DESCONTO	1710.00	11
1212	IRRF	DESCONTO	360.00	12
1213	IRRF	DESCONTO	360.00	13
1214	IRRF	DESCONTO	1260.00	14
1215	IRRF	DESCONTO	360.00	15
1216	IRRF	DESCONTO	240.00	16
1217	IRRF	DESCONTO	600.00	17
1218	IRRF	DESCONTO	360.00	18
1219	IRRF	DESCONTO	360.00	19
1220	IRRF	DESCONTO	1500.00	20
1221	IRRF	DESCONTO	345.00	21
1222	IRRF	DESCONTO	390.00	22
1223	IRRF	DESCONTO	630.00	23
1224	IRRF	DESCONTO	660.00	24
1225	IRRF	DESCONTO	420.00	25
1226	IRRF	DESCONTO	330.00	26
1227	IRRF	DESCONTO	1620.00	27
1228	IRRF	DESCONTO	1350.00	28
1229	IRRF	DESCONTO	420.00	29
1230	IRRF	DESCONTO	420.00	30
1231	IRRF	DESCONTO	720.00	31
1232	IRRF	DESCONTO	360.00	32
1233	IRRF	DESCONTO	450.00	33
1234	IRRF	DESCONTO	360.00	34
1235	IRRF	DESCONTO	780.00	35
1236	IRRF	DESCONTO	630.00	36
1237	IRRF	DESCONTO	1050.00	37
1238	IRRF	DESCONTO	330.00	38
1239	IRRF	DESCONTO	600.00	39
1240	IRRF	DESCONTO	390.00	40
1241	IRRF	DESCONTO	750.00	41
1242	IRRF	DESCONTO	660.00	42
1243	IRRF	DESCONTO	1350.00	43
1244	IRRF	DESCONTO	1260.00	44
1245	IRRF	DESCONTO	615.00	45
1246	IRRF	DESCONTO	435.00	46
1247	IRRF	DESCONTO	450.00	47
1248	IRRF	DESCONTO	405.00	48
1249	IRRF	DESCONTO	390.00	49
1250	IRRF	DESCONTO	390.00	50
1251	IRRF	DESCONTO	2700.00	51
1252	IRRF	DESCONTO	960.00	52
1253	IRRF	DESCONTO	2640.00	53
1254	IRRF	DESCONTO	1560.00	54
1255	IRRF	DESCONTO	450.00	55
1256	IRRF	DESCONTO	2460.00	56
1257	IRRF	DESCONTO	360.00	57
1258	IRRF	DESCONTO	375.00	58
1259	IRRF	DESCONTO	1740.00	59
1260	IRRF	DESCONTO	690.00	60
1261	IRRF	DESCONTO	1710.00	61
1262	IRRF	DESCONTO	360.00	62
1263	IRRF	DESCONTO	360.00	63
1264	IRRF	DESCONTO	1260.00	64
1265	IRRF	DESCONTO	360.00	65
1266	IRRF	DESCONTO	240.00	66
1267	IRRF	DESCONTO	600.00	67
1268	IRRF	DESCONTO	360.00	68
1269	IRRF	DESCONTO	360.00	69
1270	IRRF	DESCONTO	1500.00	70
1271	IRRF	DESCONTO	345.00	71
1272	IRRF	DESCONTO	390.00	72
1273	IRRF	DESCONTO	630.00	73
1274	IRRF	DESCONTO	660.00	74
1275	IRRF	DESCONTO	420.00	75
1276	IRRF	DESCONTO	330.00	76
1277	IRRF	DESCONTO	1620.00	77
1278	IRRF	DESCONTO	1350.00	78
1279	IRRF	DESCONTO	420.00	79
1280	IRRF	DESCONTO	420.00	80
1281	IRRF	DESCONTO	720.00	81
1282	IRRF	DESCONTO	360.00	82
1283	IRRF	DESCONTO	450.00	83
1284	IRRF	DESCONTO	360.00	84
1285	IRRF	DESCONTO	780.00	85
1286	IRRF	DESCONTO	630.00	86
1287	IRRF	DESCONTO	1050.00	87
1288	IRRF	DESCONTO	330.00	88
1289	IRRF	DESCONTO	600.00	89
1290	IRRF	DESCONTO	390.00	90
1291	IRRF	DESCONTO	750.00	91
1292	IRRF	DESCONTO	660.00	92
1293	IRRF	DESCONTO	1350.00	93
1294	IRRF	DESCONTO	1260.00	94
1295	IRRF	DESCONTO	615.00	95
1296	IRRF	DESCONTO	435.00	96
1297	IRRF	DESCONTO	450.00	97
1298	IRRF	DESCONTO	405.00	98
1299	IRRF	DESCONTO	390.00	99
1300	IRRF	DESCONTO	390.00	100
1301	IRRF	DESCONTO	2700.00	101
1302	IRRF	DESCONTO	960.00	102
1303	IRRF	DESCONTO	2640.00	103
1304	IRRF	DESCONTO	1560.00	104
1305	IRRF	DESCONTO	450.00	105
1306	IRRF	DESCONTO	2460.00	106
1307	IRRF	DESCONTO	360.00	107
1308	IRRF	DESCONTO	375.00	108
1309	IRRF	DESCONTO	1740.00	109
1310	IRRF	DESCONTO	690.00	110
1311	IRRF	DESCONTO	1710.00	111
1312	IRRF	DESCONTO	360.00	112
1313	IRRF	DESCONTO	360.00	113
1314	IRRF	DESCONTO	1260.00	114
1315	IRRF	DESCONTO	360.00	115
1316	IRRF	DESCONTO	240.00	116
1317	IRRF	DESCONTO	600.00	117
1318	IRRF	DESCONTO	360.00	118
1319	IRRF	DESCONTO	360.00	119
1320	IRRF	DESCONTO	1500.00	120
1321	IRRF	DESCONTO	345.00	121
1322	IRRF	DESCONTO	390.00	122
1323	IRRF	DESCONTO	630.00	123
1324	IRRF	DESCONTO	660.00	124
1325	IRRF	DESCONTO	420.00	125
1326	IRRF	DESCONTO	330.00	126
1327	IRRF	DESCONTO	1620.00	127
1328	IRRF	DESCONTO	1350.00	128
1329	IRRF	DESCONTO	420.00	129
1330	IRRF	DESCONTO	420.00	130
1331	IRRF	DESCONTO	720.00	131
1332	IRRF	DESCONTO	360.00	132
1333	IRRF	DESCONTO	450.00	133
1334	IRRF	DESCONTO	360.00	134
1335	IRRF	DESCONTO	780.00	135
1336	IRRF	DESCONTO	630.00	136
1337	IRRF	DESCONTO	1050.00	137
1338	IRRF	DESCONTO	330.00	138
1339	IRRF	DESCONTO	600.00	139
1340	IRRF	DESCONTO	390.00	140
1341	IRRF	DESCONTO	750.00	141
1342	IRRF	DESCONTO	660.00	142
1343	IRRF	DESCONTO	1350.00	143
1344	IRRF	DESCONTO	1260.00	144
1345	IRRF	DESCONTO	615.00	145
1346	IRRF	DESCONTO	435.00	146
1347	IRRF	DESCONTO	450.00	147
1348	IRRF	DESCONTO	405.00	148
1349	IRRF	DESCONTO	390.00	149
1350	IRRF	DESCONTO	390.00	150
1351	IRRF	DESCONTO	2700.00	151
1352	IRRF	DESCONTO	960.00	152
1353	IRRF	DESCONTO	2640.00	153
1354	IRRF	DESCONTO	1560.00	154
1355	IRRF	DESCONTO	450.00	155
1356	IRRF	DESCONTO	2460.00	156
1357	IRRF	DESCONTO	360.00	157
1358	IRRF	DESCONTO	375.00	158
1359	IRRF	DESCONTO	1740.00	159
1360	IRRF	DESCONTO	690.00	160
1361	IRRF	DESCONTO	1710.00	161
1362	IRRF	DESCONTO	360.00	162
1363	IRRF	DESCONTO	360.00	163
1364	IRRF	DESCONTO	1260.00	164
1365	IRRF	DESCONTO	360.00	165
1366	IRRF	DESCONTO	240.00	166
1367	IRRF	DESCONTO	600.00	167
1368	IRRF	DESCONTO	360.00	168
1369	IRRF	DESCONTO	360.00	169
1370	IRRF	DESCONTO	1500.00	170
1371	IRRF	DESCONTO	345.00	171
1372	IRRF	DESCONTO	390.00	172
1373	IRRF	DESCONTO	630.00	173
1374	IRRF	DESCONTO	660.00	174
1375	IRRF	DESCONTO	420.00	175
1376	IRRF	DESCONTO	330.00	176
1377	IRRF	DESCONTO	1620.00	177
1378	IRRF	DESCONTO	1350.00	178
1379	IRRF	DESCONTO	420.00	179
1380	IRRF	DESCONTO	420.00	180
1381	IRRF	DESCONTO	720.00	181
1382	IRRF	DESCONTO	360.00	182
1383	IRRF	DESCONTO	450.00	183
1384	IRRF	DESCONTO	360.00	184
1385	IRRF	DESCONTO	780.00	185
1386	IRRF	DESCONTO	630.00	186
1387	IRRF	DESCONTO	1050.00	187
1388	IRRF	DESCONTO	330.00	188
1389	IRRF	DESCONTO	600.00	189
1390	IRRF	DESCONTO	390.00	190
1391	IRRF	DESCONTO	750.00	191
1392	IRRF	DESCONTO	660.00	192
1393	IRRF	DESCONTO	1350.00	193
1394	IRRF	DESCONTO	1260.00	194
1395	IRRF	DESCONTO	615.00	195
1396	IRRF	DESCONTO	435.00	196
1397	IRRF	DESCONTO	450.00	197
1398	IRRF	DESCONTO	405.00	198
1399	IRRF	DESCONTO	390.00	199
1400	IRRF	DESCONTO	390.00	200
1401	IRRF	DESCONTO	2700.00	201
1402	IRRF	DESCONTO	960.00	202
1403	IRRF	DESCONTO	2640.00	203
1404	IRRF	DESCONTO	1560.00	204
1405	IRRF	DESCONTO	450.00	205
1406	IRRF	DESCONTO	2460.00	206
1407	IRRF	DESCONTO	360.00	207
1408	IRRF	DESCONTO	375.00	208
1409	IRRF	DESCONTO	1740.00	209
1410	IRRF	DESCONTO	690.00	210
1411	IRRF	DESCONTO	1710.00	211
1412	IRRF	DESCONTO	360.00	212
1413	IRRF	DESCONTO	360.00	213
1414	IRRF	DESCONTO	1260.00	214
1415	IRRF	DESCONTO	360.00	215
1416	IRRF	DESCONTO	240.00	216
1417	IRRF	DESCONTO	600.00	217
1418	IRRF	DESCONTO	360.00	218
1419	IRRF	DESCONTO	360.00	219
1420	IRRF	DESCONTO	1500.00	220
1421	IRRF	DESCONTO	345.00	221
1422	IRRF	DESCONTO	390.00	222
1423	IRRF	DESCONTO	630.00	223
1424	IRRF	DESCONTO	660.00	224
1425	IRRF	DESCONTO	420.00	225
1426	IRRF	DESCONTO	330.00	226
1427	IRRF	DESCONTO	1620.00	227
1428	IRRF	DESCONTO	1350.00	228
1429	IRRF	DESCONTO	420.00	229
1430	IRRF	DESCONTO	420.00	230
1431	IRRF	DESCONTO	720.00	231
1432	IRRF	DESCONTO	360.00	232
1433	IRRF	DESCONTO	450.00	233
1434	IRRF	DESCONTO	360.00	234
1435	IRRF	DESCONTO	780.00	235
1436	IRRF	DESCONTO	630.00	236
1437	IRRF	DESCONTO	1050.00	237
1438	IRRF	DESCONTO	330.00	238
1439	IRRF	DESCONTO	600.00	239
1440	IRRF	DESCONTO	390.00	240
1441	IRRF	DESCONTO	750.00	241
1442	IRRF	DESCONTO	660.00	242
1443	IRRF	DESCONTO	1350.00	243
1444	IRRF	DESCONTO	1260.00	244
1445	IRRF	DESCONTO	615.00	245
1446	IRRF	DESCONTO	435.00	246
1447	IRRF	DESCONTO	450.00	247
1448	IRRF	DESCONTO	405.00	248
1449	IRRF	DESCONTO	390.00	249
1450	IRRF	DESCONTO	390.00	250
1451	IRRF	DESCONTO	2700.00	251
1452	IRRF	DESCONTO	960.00	252
1453	IRRF	DESCONTO	2640.00	253
1454	IRRF	DESCONTO	1560.00	254
1455	IRRF	DESCONTO	450.00	255
1456	IRRF	DESCONTO	2460.00	256
1457	IRRF	DESCONTO	360.00	257
1458	IRRF	DESCONTO	375.00	258
1459	IRRF	DESCONTO	1740.00	259
1460	IRRF	DESCONTO	690.00	260
1461	IRRF	DESCONTO	1710.00	261
1462	IRRF	DESCONTO	360.00	262
1463	IRRF	DESCONTO	360.00	263
1464	IRRF	DESCONTO	1260.00	264
1465	IRRF	DESCONTO	360.00	265
1466	IRRF	DESCONTO	240.00	266
1467	IRRF	DESCONTO	600.00	267
1468	IRRF	DESCONTO	360.00	268
1469	IRRF	DESCONTO	360.00	269
1470	IRRF	DESCONTO	1500.00	270
1471	IRRF	DESCONTO	345.00	271
1472	IRRF	DESCONTO	390.00	272
1473	IRRF	DESCONTO	630.00	273
1474	IRRF	DESCONTO	660.00	274
1475	IRRF	DESCONTO	420.00	275
1476	IRRF	DESCONTO	330.00	276
1477	IRRF	DESCONTO	1620.00	277
1478	IRRF	DESCONTO	1350.00	278
1479	IRRF	DESCONTO	420.00	279
1480	IRRF	DESCONTO	420.00	280
1481	IRRF	DESCONTO	720.00	281
1482	IRRF	DESCONTO	360.00	282
1483	IRRF	DESCONTO	450.00	283
1484	IRRF	DESCONTO	360.00	284
1485	IRRF	DESCONTO	780.00	285
1486	IRRF	DESCONTO	630.00	286
1487	IRRF	DESCONTO	1050.00	287
1488	IRRF	DESCONTO	330.00	288
1489	IRRF	DESCONTO	600.00	289
1490	IRRF	DESCONTO	390.00	290
1491	IRRF	DESCONTO	750.00	291
1492	IRRF	DESCONTO	660.00	292
1493	IRRF	DESCONTO	1350.00	293
1494	IRRF	DESCONTO	1260.00	294
1495	IRRF	DESCONTO	615.00	295
1496	IRRF	DESCONTO	435.00	296
1497	IRRF	DESCONTO	450.00	297
1498	IRRF	DESCONTO	405.00	298
1499	IRRF	DESCONTO	390.00	299
1500	IRRF	DESCONTO	390.00	300
1501	IRRF	DESCONTO	2700.00	301
1502	IRRF	DESCONTO	960.00	302
1503	IRRF	DESCONTO	2640.00	303
1504	IRRF	DESCONTO	1560.00	304
1505	IRRF	DESCONTO	450.00	305
1506	IRRF	DESCONTO	2460.00	306
1507	IRRF	DESCONTO	360.00	307
1508	IRRF	DESCONTO	375.00	308
1509	IRRF	DESCONTO	1740.00	309
1510	IRRF	DESCONTO	690.00	310
1511	IRRF	DESCONTO	1710.00	311
1512	IRRF	DESCONTO	360.00	312
1513	IRRF	DESCONTO	360.00	313
1514	IRRF	DESCONTO	1260.00	314
1515	IRRF	DESCONTO	360.00	315
1516	IRRF	DESCONTO	240.00	316
1517	IRRF	DESCONTO	600.00	317
1518	IRRF	DESCONTO	360.00	318
1519	IRRF	DESCONTO	360.00	319
1520	IRRF	DESCONTO	1500.00	320
1521	IRRF	DESCONTO	345.00	321
1522	IRRF	DESCONTO	390.00	322
1523	IRRF	DESCONTO	630.00	323
1524	IRRF	DESCONTO	660.00	324
1525	IRRF	DESCONTO	420.00	325
1526	IRRF	DESCONTO	330.00	326
1527	IRRF	DESCONTO	1620.00	327
1528	IRRF	DESCONTO	1350.00	328
1529	IRRF	DESCONTO	420.00	329
1530	IRRF	DESCONTO	420.00	330
1531	IRRF	DESCONTO	720.00	331
1532	IRRF	DESCONTO	360.00	332
1533	IRRF	DESCONTO	450.00	333
1534	IRRF	DESCONTO	360.00	334
1535	IRRF	DESCONTO	780.00	335
1536	IRRF	DESCONTO	630.00	336
1537	IRRF	DESCONTO	1050.00	337
1538	IRRF	DESCONTO	330.00	338
1539	IRRF	DESCONTO	600.00	339
1540	IRRF	DESCONTO	390.00	340
1541	IRRF	DESCONTO	750.00	341
1542	IRRF	DESCONTO	660.00	342
1543	IRRF	DESCONTO	1350.00	343
1544	IRRF	DESCONTO	1260.00	344
1545	IRRF	DESCONTO	615.00	345
1546	IRRF	DESCONTO	435.00	346
1547	IRRF	DESCONTO	450.00	347
1548	IRRF	DESCONTO	405.00	348
1549	IRRF	DESCONTO	390.00	349
1550	IRRF	DESCONTO	390.00	350
1551	IRRF	DESCONTO	2700.00	351
1552	IRRF	DESCONTO	960.00	352
1553	IRRF	DESCONTO	2640.00	353
1554	IRRF	DESCONTO	1560.00	354
1555	IRRF	DESCONTO	450.00	355
1556	IRRF	DESCONTO	2460.00	356
1557	IRRF	DESCONTO	360.00	357
1558	IRRF	DESCONTO	375.00	358
1559	IRRF	DESCONTO	1740.00	359
1560	IRRF	DESCONTO	690.00	360
1561	IRRF	DESCONTO	1710.00	361
1562	IRRF	DESCONTO	360.00	362
1563	IRRF	DESCONTO	360.00	363
1564	IRRF	DESCONTO	1260.00	364
1565	IRRF	DESCONTO	360.00	365
1566	IRRF	DESCONTO	240.00	366
1567	IRRF	DESCONTO	600.00	367
1568	IRRF	DESCONTO	360.00	368
1569	IRRF	DESCONTO	360.00	369
1570	IRRF	DESCONTO	1500.00	370
1571	IRRF	DESCONTO	345.00	371
1572	IRRF	DESCONTO	390.00	372
1573	IRRF	DESCONTO	630.00	373
1574	IRRF	DESCONTO	660.00	374
1575	IRRF	DESCONTO	420.00	375
1576	IRRF	DESCONTO	330.00	376
1577	IRRF	DESCONTO	1620.00	377
1578	IRRF	DESCONTO	1350.00	378
1579	IRRF	DESCONTO	420.00	379
1580	IRRF	DESCONTO	420.00	380
1581	IRRF	DESCONTO	720.00	381
1582	IRRF	DESCONTO	360.00	382
1583	IRRF	DESCONTO	450.00	383
1584	IRRF	DESCONTO	360.00	384
1585	IRRF	DESCONTO	780.00	385
1586	IRRF	DESCONTO	630.00	386
1587	IRRF	DESCONTO	1050.00	387
1588	IRRF	DESCONTO	330.00	388
1589	IRRF	DESCONTO	600.00	389
1590	IRRF	DESCONTO	390.00	390
1591	IRRF	DESCONTO	750.00	391
1592	IRRF	DESCONTO	660.00	392
1593	IRRF	DESCONTO	1350.00	393
1594	IRRF	DESCONTO	1260.00	394
1595	IRRF	DESCONTO	615.00	395
1596	IRRF	DESCONTO	435.00	396
1597	IRRF	DESCONTO	450.00	397
1598	IRRF	DESCONTO	405.00	398
1599	IRRF	DESCONTO	390.00	399
1600	IRRF	DESCONTO	390.00	400
1601	IRRF	DESCONTO	2700.00	401
1602	IRRF	DESCONTO	960.00	402
1603	IRRF	DESCONTO	2640.00	403
1604	IRRF	DESCONTO	1560.00	404
1605	IRRF	DESCONTO	450.00	405
1606	IRRF	DESCONTO	2460.00	406
1607	IRRF	DESCONTO	360.00	407
1608	IRRF	DESCONTO	375.00	408
1609	IRRF	DESCONTO	1740.00	409
1610	IRRF	DESCONTO	690.00	410
1611	IRRF	DESCONTO	1710.00	411
1612	IRRF	DESCONTO	360.00	412
1613	IRRF	DESCONTO	360.00	413
1614	IRRF	DESCONTO	1260.00	414
1615	IRRF	DESCONTO	360.00	415
1616	IRRF	DESCONTO	240.00	416
1617	IRRF	DESCONTO	600.00	417
1618	IRRF	DESCONTO	360.00	418
1619	IRRF	DESCONTO	360.00	419
1620	IRRF	DESCONTO	1500.00	420
1621	IRRF	DESCONTO	345.00	421
1622	IRRF	DESCONTO	390.00	422
1623	IRRF	DESCONTO	630.00	423
1624	IRRF	DESCONTO	660.00	424
1625	IRRF	DESCONTO	420.00	425
1626	IRRF	DESCONTO	330.00	426
1627	IRRF	DESCONTO	1620.00	427
1628	IRRF	DESCONTO	1350.00	428
1629	IRRF	DESCONTO	420.00	429
1630	IRRF	DESCONTO	420.00	430
1631	IRRF	DESCONTO	720.00	431
1632	IRRF	DESCONTO	360.00	432
1633	IRRF	DESCONTO	450.00	433
1634	IRRF	DESCONTO	360.00	434
1635	IRRF	DESCONTO	780.00	435
1636	IRRF	DESCONTO	630.00	436
1637	IRRF	DESCONTO	1050.00	437
1638	IRRF	DESCONTO	330.00	438
1639	IRRF	DESCONTO	600.00	439
1640	IRRF	DESCONTO	390.00	440
1641	IRRF	DESCONTO	750.00	441
1642	IRRF	DESCONTO	660.00	442
1643	IRRF	DESCONTO	1350.00	443
1644	IRRF	DESCONTO	1260.00	444
1645	IRRF	DESCONTO	615.00	445
1646	IRRF	DESCONTO	435.00	446
1647	IRRF	DESCONTO	450.00	447
1648	IRRF	DESCONTO	405.00	448
1649	IRRF	DESCONTO	390.00	449
1650	IRRF	DESCONTO	390.00	450
1651	IRRF	DESCONTO	2700.00	451
1652	IRRF	DESCONTO	960.00	452
1653	IRRF	DESCONTO	2640.00	453
1654	IRRF	DESCONTO	1560.00	454
1655	IRRF	DESCONTO	450.00	455
1656	IRRF	DESCONTO	2460.00	456
1657	IRRF	DESCONTO	360.00	457
1658	IRRF	DESCONTO	375.00	458
1659	IRRF	DESCONTO	1740.00	459
1660	IRRF	DESCONTO	690.00	460
1661	IRRF	DESCONTO	1710.00	461
1662	IRRF	DESCONTO	360.00	462
1663	IRRF	DESCONTO	360.00	463
1664	IRRF	DESCONTO	1260.00	464
1665	IRRF	DESCONTO	360.00	465
1666	IRRF	DESCONTO	240.00	466
1667	IRRF	DESCONTO	600.00	467
1668	IRRF	DESCONTO	360.00	468
1669	IRRF	DESCONTO	360.00	469
1670	IRRF	DESCONTO	1500.00	470
1671	IRRF	DESCONTO	345.00	471
1672	IRRF	DESCONTO	390.00	472
1673	IRRF	DESCONTO	630.00	473
1674	IRRF	DESCONTO	660.00	474
1675	IRRF	DESCONTO	420.00	475
1676	IRRF	DESCONTO	330.00	476
1677	IRRF	DESCONTO	1620.00	477
1678	IRRF	DESCONTO	1350.00	478
1679	IRRF	DESCONTO	420.00	479
1680	IRRF	DESCONTO	420.00	480
1681	IRRF	DESCONTO	720.00	481
1682	IRRF	DESCONTO	360.00	482
1683	IRRF	DESCONTO	450.00	483
1684	IRRF	DESCONTO	360.00	484
1685	IRRF	DESCONTO	780.00	485
1686	IRRF	DESCONTO	630.00	486
1687	IRRF	DESCONTO	1050.00	487
1688	IRRF	DESCONTO	330.00	488
1689	IRRF	DESCONTO	600.00	489
1690	IRRF	DESCONTO	390.00	490
1691	IRRF	DESCONTO	750.00	491
1692	IRRF	DESCONTO	660.00	492
1693	IRRF	DESCONTO	1350.00	493
1694	IRRF	DESCONTO	1260.00	494
1695	IRRF	DESCONTO	615.00	495
1696	IRRF	DESCONTO	435.00	496
1697	IRRF	DESCONTO	450.00	497
1698	IRRF	DESCONTO	405.00	498
1699	IRRF	DESCONTO	390.00	499
1700	IRRF	DESCONTO	390.00	500
1701	IRRF	DESCONTO	2700.00	501
1702	IRRF	DESCONTO	960.00	502
1703	IRRF	DESCONTO	2640.00	503
1704	IRRF	DESCONTO	1560.00	504
1705	IRRF	DESCONTO	450.00	505
1706	IRRF	DESCONTO	2460.00	506
1707	IRRF	DESCONTO	360.00	507
1708	IRRF	DESCONTO	375.00	508
1709	IRRF	DESCONTO	1740.00	509
1710	IRRF	DESCONTO	690.00	510
1711	IRRF	DESCONTO	1710.00	511
1712	IRRF	DESCONTO	360.00	512
1713	IRRF	DESCONTO	360.00	513
1714	IRRF	DESCONTO	1260.00	514
1715	IRRF	DESCONTO	360.00	515
1716	IRRF	DESCONTO	240.00	516
1717	IRRF	DESCONTO	600.00	517
1718	IRRF	DESCONTO	360.00	518
1719	IRRF	DESCONTO	360.00	519
1720	IRRF	DESCONTO	1500.00	520
1721	IRRF	DESCONTO	345.00	521
1722	IRRF	DESCONTO	390.00	522
1723	IRRF	DESCONTO	630.00	523
1724	IRRF	DESCONTO	660.00	524
1725	IRRF	DESCONTO	420.00	525
1726	IRRF	DESCONTO	330.00	526
1727	IRRF	DESCONTO	1620.00	527
1728	IRRF	DESCONTO	1350.00	528
1729	IRRF	DESCONTO	420.00	529
1730	IRRF	DESCONTO	420.00	530
1731	IRRF	DESCONTO	720.00	531
1732	IRRF	DESCONTO	360.00	532
1733	IRRF	DESCONTO	450.00	533
1734	IRRF	DESCONTO	360.00	534
1735	IRRF	DESCONTO	780.00	535
1736	IRRF	DESCONTO	630.00	536
1737	IRRF	DESCONTO	1050.00	537
1738	IRRF	DESCONTO	330.00	538
1739	IRRF	DESCONTO	600.00	539
1740	IRRF	DESCONTO	390.00	540
1741	IRRF	DESCONTO	750.00	541
1742	IRRF	DESCONTO	660.00	542
1743	IRRF	DESCONTO	1350.00	543
1744	IRRF	DESCONTO	1260.00	544
1745	IRRF	DESCONTO	615.00	545
1746	IRRF	DESCONTO	435.00	546
1747	IRRF	DESCONTO	450.00	547
1748	IRRF	DESCONTO	405.00	548
1749	IRRF	DESCONTO	390.00	549
1750	IRRF	DESCONTO	390.00	550
1751	IRRF	DESCONTO	2700.00	551
1752	IRRF	DESCONTO	960.00	552
1753	IRRF	DESCONTO	2640.00	553
1754	IRRF	DESCONTO	1560.00	554
1755	IRRF	DESCONTO	450.00	555
1756	IRRF	DESCONTO	2460.00	556
1757	IRRF	DESCONTO	360.00	557
1758	IRRF	DESCONTO	375.00	558
1759	IRRF	DESCONTO	1740.00	559
1760	IRRF	DESCONTO	690.00	560
1761	IRRF	DESCONTO	1710.00	561
1762	IRRF	DESCONTO	360.00	562
1763	IRRF	DESCONTO	360.00	563
1764	IRRF	DESCONTO	1260.00	564
1765	IRRF	DESCONTO	360.00	565
1766	IRRF	DESCONTO	240.00	566
1767	IRRF	DESCONTO	600.00	567
1768	IRRF	DESCONTO	360.00	568
1769	IRRF	DESCONTO	360.00	569
1770	IRRF	DESCONTO	1500.00	570
1771	IRRF	DESCONTO	345.00	571
1772	IRRF	DESCONTO	390.00	572
1773	IRRF	DESCONTO	630.00	573
1774	IRRF	DESCONTO	660.00	574
1775	IRRF	DESCONTO	420.00	575
1776	IRRF	DESCONTO	330.00	576
1777	IRRF	DESCONTO	1620.00	577
1778	IRRF	DESCONTO	1350.00	578
1779	IRRF	DESCONTO	420.00	579
1780	IRRF	DESCONTO	420.00	580
1781	IRRF	DESCONTO	720.00	581
1782	IRRF	DESCONTO	360.00	582
1783	IRRF	DESCONTO	450.00	583
1784	IRRF	DESCONTO	360.00	584
1785	IRRF	DESCONTO	780.00	585
1786	IRRF	DESCONTO	630.00	586
1787	IRRF	DESCONTO	1050.00	587
1788	IRRF	DESCONTO	330.00	588
1789	IRRF	DESCONTO	600.00	589
1790	IRRF	DESCONTO	390.00	590
1791	IRRF	DESCONTO	750.00	591
1792	IRRF	DESCONTO	660.00	592
1793	IRRF	DESCONTO	1350.00	593
1794	IRRF	DESCONTO	1260.00	594
1795	IRRF	DESCONTO	615.00	595
1796	IRRF	DESCONTO	435.00	596
1797	IRRF	DESCONTO	450.00	597
1798	IRRF	DESCONTO	405.00	598
1799	IRRF	DESCONTO	390.00	599
1800	IRRF	DESCONTO	390.00	600
1801	Vale Transporte	DESCONTO	900.00	1
1802	Vale Transporte	DESCONTO	320.00	2
1803	Vale Transporte	DESCONTO	880.00	3
1804	Vale Transporte	DESCONTO	520.00	4
1805	Vale Transporte	DESCONTO	150.00	5
1806	Vale Transporte	DESCONTO	820.00	6
1807	Vale Transporte	DESCONTO	120.00	7
1808	Vale Transporte	DESCONTO	125.00	8
1809	Vale Transporte	DESCONTO	580.00	9
1810	Vale Transporte	DESCONTO	230.00	10
1811	Vale Transporte	DESCONTO	570.00	11
1812	Vale Transporte	DESCONTO	120.00	12
1813	Vale Transporte	DESCONTO	120.00	13
1814	Vale Transporte	DESCONTO	420.00	14
1815	Vale Transporte	DESCONTO	120.00	15
1816	Vale Transporte	DESCONTO	80.00	16
1817	Vale Transporte	DESCONTO	200.00	17
1818	Vale Transporte	DESCONTO	120.00	18
1819	Vale Transporte	DESCONTO	120.00	19
1820	Vale Transporte	DESCONTO	500.00	20
1821	Vale Transporte	DESCONTO	115.00	21
1822	Vale Transporte	DESCONTO	130.00	22
1823	Vale Transporte	DESCONTO	210.00	23
1824	Vale Transporte	DESCONTO	220.00	24
1825	Vale Transporte	DESCONTO	140.00	25
1826	Vale Transporte	DESCONTO	110.00	26
1827	Vale Transporte	DESCONTO	540.00	27
1828	Vale Transporte	DESCONTO	450.00	28
1829	Vale Transporte	DESCONTO	140.00	29
1830	Vale Transporte	DESCONTO	140.00	30
1831	Vale Transporte	DESCONTO	240.00	31
1832	Vale Transporte	DESCONTO	120.00	32
1833	Vale Transporte	DESCONTO	150.00	33
1834	Vale Transporte	DESCONTO	120.00	34
1835	Vale Transporte	DESCONTO	260.00	35
1836	Vale Transporte	DESCONTO	210.00	36
1837	Vale Transporte	DESCONTO	350.00	37
1838	Vale Transporte	DESCONTO	110.00	38
1839	Vale Transporte	DESCONTO	200.00	39
1840	Vale Transporte	DESCONTO	130.00	40
1841	Vale Transporte	DESCONTO	250.00	41
1842	Vale Transporte	DESCONTO	220.00	42
1843	Vale Transporte	DESCONTO	450.00	43
1844	Vale Transporte	DESCONTO	420.00	44
1845	Vale Transporte	DESCONTO	205.00	45
1846	Vale Transporte	DESCONTO	145.00	46
1847	Vale Transporte	DESCONTO	150.00	47
1848	Vale Transporte	DESCONTO	135.00	48
1849	Vale Transporte	DESCONTO	130.00	49
1850	Vale Transporte	DESCONTO	130.00	50
1851	Vale Transporte	DESCONTO	900.00	51
1852	Vale Transporte	DESCONTO	320.00	52
1853	Vale Transporte	DESCONTO	880.00	53
1854	Vale Transporte	DESCONTO	520.00	54
1855	Vale Transporte	DESCONTO	150.00	55
1856	Vale Transporte	DESCONTO	820.00	56
1857	Vale Transporte	DESCONTO	120.00	57
1858	Vale Transporte	DESCONTO	125.00	58
1859	Vale Transporte	DESCONTO	580.00	59
1860	Vale Transporte	DESCONTO	230.00	60
1861	Vale Transporte	DESCONTO	570.00	61
1862	Vale Transporte	DESCONTO	120.00	62
1863	Vale Transporte	DESCONTO	120.00	63
1864	Vale Transporte	DESCONTO	420.00	64
1865	Vale Transporte	DESCONTO	120.00	65
1866	Vale Transporte	DESCONTO	80.00	66
1867	Vale Transporte	DESCONTO	200.00	67
1868	Vale Transporte	DESCONTO	120.00	68
1869	Vale Transporte	DESCONTO	120.00	69
1870	Vale Transporte	DESCONTO	500.00	70
1871	Vale Transporte	DESCONTO	115.00	71
1872	Vale Transporte	DESCONTO	130.00	72
1873	Vale Transporte	DESCONTO	210.00	73
1874	Vale Transporte	DESCONTO	220.00	74
1875	Vale Transporte	DESCONTO	140.00	75
1876	Vale Transporte	DESCONTO	110.00	76
1877	Vale Transporte	DESCONTO	540.00	77
1878	Vale Transporte	DESCONTO	450.00	78
1879	Vale Transporte	DESCONTO	140.00	79
1880	Vale Transporte	DESCONTO	140.00	80
1881	Vale Transporte	DESCONTO	240.00	81
1882	Vale Transporte	DESCONTO	120.00	82
1883	Vale Transporte	DESCONTO	150.00	83
1884	Vale Transporte	DESCONTO	120.00	84
1885	Vale Transporte	DESCONTO	260.00	85
1886	Vale Transporte	DESCONTO	210.00	86
1887	Vale Transporte	DESCONTO	350.00	87
1888	Vale Transporte	DESCONTO	110.00	88
1889	Vale Transporte	DESCONTO	200.00	89
1890	Vale Transporte	DESCONTO	130.00	90
1891	Vale Transporte	DESCONTO	250.00	91
1892	Vale Transporte	DESCONTO	220.00	92
1893	Vale Transporte	DESCONTO	450.00	93
1894	Vale Transporte	DESCONTO	420.00	94
1895	Vale Transporte	DESCONTO	205.00	95
1896	Vale Transporte	DESCONTO	145.00	96
1897	Vale Transporte	DESCONTO	150.00	97
1898	Vale Transporte	DESCONTO	135.00	98
1899	Vale Transporte	DESCONTO	130.00	99
1900	Vale Transporte	DESCONTO	130.00	100
1901	Vale Transporte	DESCONTO	900.00	101
1902	Vale Transporte	DESCONTO	320.00	102
1903	Vale Transporte	DESCONTO	880.00	103
1904	Vale Transporte	DESCONTO	520.00	104
1905	Vale Transporte	DESCONTO	150.00	105
1906	Vale Transporte	DESCONTO	820.00	106
1907	Vale Transporte	DESCONTO	120.00	107
1908	Vale Transporte	DESCONTO	125.00	108
1909	Vale Transporte	DESCONTO	580.00	109
1910	Vale Transporte	DESCONTO	230.00	110
1911	Vale Transporte	DESCONTO	570.00	111
1912	Vale Transporte	DESCONTO	120.00	112
1913	Vale Transporte	DESCONTO	120.00	113
1914	Vale Transporte	DESCONTO	420.00	114
1915	Vale Transporte	DESCONTO	120.00	115
1916	Vale Transporte	DESCONTO	80.00	116
1917	Vale Transporte	DESCONTO	200.00	117
1918	Vale Transporte	DESCONTO	120.00	118
1919	Vale Transporte	DESCONTO	120.00	119
1920	Vale Transporte	DESCONTO	500.00	120
1921	Vale Transporte	DESCONTO	115.00	121
1922	Vale Transporte	DESCONTO	130.00	122
1923	Vale Transporte	DESCONTO	210.00	123
1924	Vale Transporte	DESCONTO	220.00	124
1925	Vale Transporte	DESCONTO	140.00	125
1926	Vale Transporte	DESCONTO	110.00	126
1927	Vale Transporte	DESCONTO	540.00	127
1928	Vale Transporte	DESCONTO	450.00	128
1929	Vale Transporte	DESCONTO	140.00	129
1930	Vale Transporte	DESCONTO	140.00	130
1931	Vale Transporte	DESCONTO	240.00	131
1932	Vale Transporte	DESCONTO	120.00	132
1933	Vale Transporte	DESCONTO	150.00	133
1934	Vale Transporte	DESCONTO	120.00	134
1935	Vale Transporte	DESCONTO	260.00	135
1936	Vale Transporte	DESCONTO	210.00	136
1937	Vale Transporte	DESCONTO	350.00	137
1938	Vale Transporte	DESCONTO	110.00	138
1939	Vale Transporte	DESCONTO	200.00	139
1940	Vale Transporte	DESCONTO	130.00	140
1941	Vale Transporte	DESCONTO	250.00	141
1942	Vale Transporte	DESCONTO	220.00	142
1943	Vale Transporte	DESCONTO	450.00	143
1944	Vale Transporte	DESCONTO	420.00	144
1945	Vale Transporte	DESCONTO	205.00	145
1946	Vale Transporte	DESCONTO	145.00	146
1947	Vale Transporte	DESCONTO	150.00	147
1948	Vale Transporte	DESCONTO	135.00	148
1949	Vale Transporte	DESCONTO	130.00	149
1950	Vale Transporte	DESCONTO	130.00	150
1951	Vale Transporte	DESCONTO	900.00	151
1952	Vale Transporte	DESCONTO	320.00	152
1953	Vale Transporte	DESCONTO	880.00	153
1954	Vale Transporte	DESCONTO	520.00	154
1955	Vale Transporte	DESCONTO	150.00	155
1956	Vale Transporte	DESCONTO	820.00	156
1957	Vale Transporte	DESCONTO	120.00	157
1958	Vale Transporte	DESCONTO	125.00	158
1959	Vale Transporte	DESCONTO	580.00	159
1960	Vale Transporte	DESCONTO	230.00	160
1961	Vale Transporte	DESCONTO	570.00	161
1962	Vale Transporte	DESCONTO	120.00	162
1963	Vale Transporte	DESCONTO	120.00	163
1964	Vale Transporte	DESCONTO	420.00	164
1965	Vale Transporte	DESCONTO	120.00	165
1966	Vale Transporte	DESCONTO	80.00	166
1967	Vale Transporte	DESCONTO	200.00	167
1968	Vale Transporte	DESCONTO	120.00	168
1969	Vale Transporte	DESCONTO	120.00	169
1970	Vale Transporte	DESCONTO	500.00	170
1971	Vale Transporte	DESCONTO	115.00	171
1972	Vale Transporte	DESCONTO	130.00	172
1973	Vale Transporte	DESCONTO	210.00	173
1974	Vale Transporte	DESCONTO	220.00	174
1975	Vale Transporte	DESCONTO	140.00	175
1976	Vale Transporte	DESCONTO	110.00	176
1977	Vale Transporte	DESCONTO	540.00	177
1978	Vale Transporte	DESCONTO	450.00	178
1979	Vale Transporte	DESCONTO	140.00	179
1980	Vale Transporte	DESCONTO	140.00	180
1981	Vale Transporte	DESCONTO	240.00	181
1982	Vale Transporte	DESCONTO	120.00	182
1983	Vale Transporte	DESCONTO	150.00	183
1984	Vale Transporte	DESCONTO	120.00	184
1985	Vale Transporte	DESCONTO	260.00	185
1986	Vale Transporte	DESCONTO	210.00	186
1987	Vale Transporte	DESCONTO	350.00	187
1988	Vale Transporte	DESCONTO	110.00	188
1989	Vale Transporte	DESCONTO	200.00	189
1990	Vale Transporte	DESCONTO	130.00	190
1991	Vale Transporte	DESCONTO	250.00	191
1992	Vale Transporte	DESCONTO	220.00	192
1993	Vale Transporte	DESCONTO	450.00	193
1994	Vale Transporte	DESCONTO	420.00	194
1995	Vale Transporte	DESCONTO	205.00	195
1996	Vale Transporte	DESCONTO	145.00	196
1997	Vale Transporte	DESCONTO	150.00	197
1998	Vale Transporte	DESCONTO	135.00	198
1999	Vale Transporte	DESCONTO	130.00	199
2000	Vale Transporte	DESCONTO	130.00	200
2001	Vale Transporte	DESCONTO	900.00	201
2002	Vale Transporte	DESCONTO	320.00	202
2003	Vale Transporte	DESCONTO	880.00	203
2004	Vale Transporte	DESCONTO	520.00	204
2005	Vale Transporte	DESCONTO	150.00	205
2006	Vale Transporte	DESCONTO	820.00	206
2007	Vale Transporte	DESCONTO	120.00	207
2008	Vale Transporte	DESCONTO	125.00	208
2009	Vale Transporte	DESCONTO	580.00	209
2010	Vale Transporte	DESCONTO	230.00	210
2011	Vale Transporte	DESCONTO	570.00	211
2012	Vale Transporte	DESCONTO	120.00	212
2013	Vale Transporte	DESCONTO	120.00	213
2014	Vale Transporte	DESCONTO	420.00	214
2015	Vale Transporte	DESCONTO	120.00	215
2016	Vale Transporte	DESCONTO	80.00	216
2017	Vale Transporte	DESCONTO	200.00	217
2018	Vale Transporte	DESCONTO	120.00	218
2019	Vale Transporte	DESCONTO	120.00	219
2020	Vale Transporte	DESCONTO	500.00	220
2021	Vale Transporte	DESCONTO	115.00	221
2022	Vale Transporte	DESCONTO	130.00	222
2023	Vale Transporte	DESCONTO	210.00	223
2024	Vale Transporte	DESCONTO	220.00	224
2025	Vale Transporte	DESCONTO	140.00	225
2026	Vale Transporte	DESCONTO	110.00	226
2027	Vale Transporte	DESCONTO	540.00	227
2028	Vale Transporte	DESCONTO	450.00	228
2029	Vale Transporte	DESCONTO	140.00	229
2030	Vale Transporte	DESCONTO	140.00	230
2031	Vale Transporte	DESCONTO	240.00	231
2032	Vale Transporte	DESCONTO	120.00	232
2033	Vale Transporte	DESCONTO	150.00	233
2034	Vale Transporte	DESCONTO	120.00	234
2035	Vale Transporte	DESCONTO	260.00	235
2036	Vale Transporte	DESCONTO	210.00	236
2037	Vale Transporte	DESCONTO	350.00	237
2038	Vale Transporte	DESCONTO	110.00	238
2039	Vale Transporte	DESCONTO	200.00	239
2040	Vale Transporte	DESCONTO	130.00	240
2041	Vale Transporte	DESCONTO	250.00	241
2042	Vale Transporte	DESCONTO	220.00	242
2043	Vale Transporte	DESCONTO	450.00	243
2044	Vale Transporte	DESCONTO	420.00	244
2045	Vale Transporte	DESCONTO	205.00	245
2046	Vale Transporte	DESCONTO	145.00	246
2047	Vale Transporte	DESCONTO	150.00	247
2048	Vale Transporte	DESCONTO	135.00	248
2049	Vale Transporte	DESCONTO	130.00	249
2050	Vale Transporte	DESCONTO	130.00	250
2051	Vale Transporte	DESCONTO	900.00	251
2052	Vale Transporte	DESCONTO	320.00	252
2053	Vale Transporte	DESCONTO	880.00	253
2054	Vale Transporte	DESCONTO	520.00	254
2055	Vale Transporte	DESCONTO	150.00	255
2056	Vale Transporte	DESCONTO	820.00	256
2057	Vale Transporte	DESCONTO	120.00	257
2058	Vale Transporte	DESCONTO	125.00	258
2059	Vale Transporte	DESCONTO	580.00	259
2060	Vale Transporte	DESCONTO	230.00	260
2061	Vale Transporte	DESCONTO	570.00	261
2062	Vale Transporte	DESCONTO	120.00	262
2063	Vale Transporte	DESCONTO	120.00	263
2064	Vale Transporte	DESCONTO	420.00	264
2065	Vale Transporte	DESCONTO	120.00	265
2066	Vale Transporte	DESCONTO	80.00	266
2067	Vale Transporte	DESCONTO	200.00	267
2068	Vale Transporte	DESCONTO	120.00	268
2069	Vale Transporte	DESCONTO	120.00	269
2070	Vale Transporte	DESCONTO	500.00	270
2071	Vale Transporte	DESCONTO	115.00	271
2072	Vale Transporte	DESCONTO	130.00	272
2073	Vale Transporte	DESCONTO	210.00	273
2074	Vale Transporte	DESCONTO	220.00	274
2075	Vale Transporte	DESCONTO	140.00	275
2076	Vale Transporte	DESCONTO	110.00	276
2077	Vale Transporte	DESCONTO	540.00	277
2078	Vale Transporte	DESCONTO	450.00	278
2079	Vale Transporte	DESCONTO	140.00	279
2080	Vale Transporte	DESCONTO	140.00	280
2081	Vale Transporte	DESCONTO	240.00	281
2082	Vale Transporte	DESCONTO	120.00	282
2083	Vale Transporte	DESCONTO	150.00	283
2084	Vale Transporte	DESCONTO	120.00	284
2085	Vale Transporte	DESCONTO	260.00	285
2086	Vale Transporte	DESCONTO	210.00	286
2087	Vale Transporte	DESCONTO	350.00	287
2088	Vale Transporte	DESCONTO	110.00	288
2089	Vale Transporte	DESCONTO	200.00	289
2090	Vale Transporte	DESCONTO	130.00	290
2091	Vale Transporte	DESCONTO	250.00	291
2092	Vale Transporte	DESCONTO	220.00	292
2093	Vale Transporte	DESCONTO	450.00	293
2094	Vale Transporte	DESCONTO	420.00	294
2095	Vale Transporte	DESCONTO	205.00	295
2096	Vale Transporte	DESCONTO	145.00	296
2097	Vale Transporte	DESCONTO	150.00	297
2098	Vale Transporte	DESCONTO	135.00	298
2099	Vale Transporte	DESCONTO	130.00	299
2100	Vale Transporte	DESCONTO	130.00	300
2101	Vale Transporte	DESCONTO	900.00	301
2102	Vale Transporte	DESCONTO	320.00	302
2103	Vale Transporte	DESCONTO	880.00	303
2104	Vale Transporte	DESCONTO	520.00	304
2105	Vale Transporte	DESCONTO	150.00	305
2106	Vale Transporte	DESCONTO	820.00	306
2107	Vale Transporte	DESCONTO	120.00	307
2108	Vale Transporte	DESCONTO	125.00	308
2109	Vale Transporte	DESCONTO	580.00	309
2110	Vale Transporte	DESCONTO	230.00	310
2111	Vale Transporte	DESCONTO	570.00	311
2112	Vale Transporte	DESCONTO	120.00	312
2113	Vale Transporte	DESCONTO	120.00	313
2114	Vale Transporte	DESCONTO	420.00	314
2115	Vale Transporte	DESCONTO	120.00	315
2116	Vale Transporte	DESCONTO	80.00	316
2117	Vale Transporte	DESCONTO	200.00	317
2118	Vale Transporte	DESCONTO	120.00	318
2119	Vale Transporte	DESCONTO	120.00	319
2120	Vale Transporte	DESCONTO	500.00	320
2121	Vale Transporte	DESCONTO	115.00	321
2122	Vale Transporte	DESCONTO	130.00	322
2123	Vale Transporte	DESCONTO	210.00	323
2124	Vale Transporte	DESCONTO	220.00	324
2125	Vale Transporte	DESCONTO	140.00	325
2126	Vale Transporte	DESCONTO	110.00	326
2127	Vale Transporte	DESCONTO	540.00	327
2128	Vale Transporte	DESCONTO	450.00	328
2129	Vale Transporte	DESCONTO	140.00	329
2130	Vale Transporte	DESCONTO	140.00	330
2131	Vale Transporte	DESCONTO	240.00	331
2132	Vale Transporte	DESCONTO	120.00	332
2133	Vale Transporte	DESCONTO	150.00	333
2134	Vale Transporte	DESCONTO	120.00	334
2135	Vale Transporte	DESCONTO	260.00	335
2136	Vale Transporte	DESCONTO	210.00	336
2137	Vale Transporte	DESCONTO	350.00	337
2138	Vale Transporte	DESCONTO	110.00	338
2139	Vale Transporte	DESCONTO	200.00	339
2140	Vale Transporte	DESCONTO	130.00	340
2141	Vale Transporte	DESCONTO	250.00	341
2142	Vale Transporte	DESCONTO	220.00	342
2143	Vale Transporte	DESCONTO	450.00	343
2144	Vale Transporte	DESCONTO	420.00	344
2145	Vale Transporte	DESCONTO	205.00	345
2146	Vale Transporte	DESCONTO	145.00	346
2147	Vale Transporte	DESCONTO	150.00	347
2148	Vale Transporte	DESCONTO	135.00	348
2149	Vale Transporte	DESCONTO	130.00	349
2150	Vale Transporte	DESCONTO	130.00	350
2151	Vale Transporte	DESCONTO	900.00	351
2152	Vale Transporte	DESCONTO	320.00	352
2153	Vale Transporte	DESCONTO	880.00	353
2154	Vale Transporte	DESCONTO	520.00	354
2155	Vale Transporte	DESCONTO	150.00	355
2156	Vale Transporte	DESCONTO	820.00	356
2157	Vale Transporte	DESCONTO	120.00	357
2158	Vale Transporte	DESCONTO	125.00	358
2159	Vale Transporte	DESCONTO	580.00	359
2160	Vale Transporte	DESCONTO	230.00	360
2161	Vale Transporte	DESCONTO	570.00	361
2162	Vale Transporte	DESCONTO	120.00	362
2163	Vale Transporte	DESCONTO	120.00	363
2164	Vale Transporte	DESCONTO	420.00	364
2165	Vale Transporte	DESCONTO	120.00	365
2166	Vale Transporte	DESCONTO	80.00	366
2167	Vale Transporte	DESCONTO	200.00	367
2168	Vale Transporte	DESCONTO	120.00	368
2169	Vale Transporte	DESCONTO	120.00	369
2170	Vale Transporte	DESCONTO	500.00	370
2171	Vale Transporte	DESCONTO	115.00	371
2172	Vale Transporte	DESCONTO	130.00	372
2173	Vale Transporte	DESCONTO	210.00	373
2174	Vale Transporte	DESCONTO	220.00	374
2175	Vale Transporte	DESCONTO	140.00	375
2176	Vale Transporte	DESCONTO	110.00	376
2177	Vale Transporte	DESCONTO	540.00	377
2178	Vale Transporte	DESCONTO	450.00	378
2179	Vale Transporte	DESCONTO	140.00	379
2180	Vale Transporte	DESCONTO	140.00	380
2181	Vale Transporte	DESCONTO	240.00	381
2182	Vale Transporte	DESCONTO	120.00	382
2183	Vale Transporte	DESCONTO	150.00	383
2184	Vale Transporte	DESCONTO	120.00	384
2185	Vale Transporte	DESCONTO	260.00	385
2186	Vale Transporte	DESCONTO	210.00	386
2187	Vale Transporte	DESCONTO	350.00	387
2188	Vale Transporte	DESCONTO	110.00	388
2189	Vale Transporte	DESCONTO	200.00	389
2190	Vale Transporte	DESCONTO	130.00	390
2191	Vale Transporte	DESCONTO	250.00	391
2192	Vale Transporte	DESCONTO	220.00	392
2193	Vale Transporte	DESCONTO	450.00	393
2194	Vale Transporte	DESCONTO	420.00	394
2195	Vale Transporte	DESCONTO	205.00	395
2196	Vale Transporte	DESCONTO	145.00	396
2197	Vale Transporte	DESCONTO	150.00	397
2198	Vale Transporte	DESCONTO	135.00	398
2199	Vale Transporte	DESCONTO	130.00	399
2200	Vale Transporte	DESCONTO	130.00	400
2201	Vale Transporte	DESCONTO	900.00	401
2202	Vale Transporte	DESCONTO	320.00	402
2203	Vale Transporte	DESCONTO	880.00	403
2204	Vale Transporte	DESCONTO	520.00	404
2205	Vale Transporte	DESCONTO	150.00	405
2206	Vale Transporte	DESCONTO	820.00	406
2207	Vale Transporte	DESCONTO	120.00	407
2208	Vale Transporte	DESCONTO	125.00	408
2209	Vale Transporte	DESCONTO	580.00	409
2210	Vale Transporte	DESCONTO	230.00	410
2211	Vale Transporte	DESCONTO	570.00	411
2212	Vale Transporte	DESCONTO	120.00	412
2213	Vale Transporte	DESCONTO	120.00	413
2214	Vale Transporte	DESCONTO	420.00	414
2215	Vale Transporte	DESCONTO	120.00	415
2216	Vale Transporte	DESCONTO	80.00	416
2217	Vale Transporte	DESCONTO	200.00	417
2218	Vale Transporte	DESCONTO	120.00	418
2219	Vale Transporte	DESCONTO	120.00	419
2220	Vale Transporte	DESCONTO	500.00	420
2221	Vale Transporte	DESCONTO	115.00	421
2222	Vale Transporte	DESCONTO	130.00	422
2223	Vale Transporte	DESCONTO	210.00	423
2224	Vale Transporte	DESCONTO	220.00	424
2225	Vale Transporte	DESCONTO	140.00	425
2226	Vale Transporte	DESCONTO	110.00	426
2227	Vale Transporte	DESCONTO	540.00	427
2228	Vale Transporte	DESCONTO	450.00	428
2229	Vale Transporte	DESCONTO	140.00	429
2230	Vale Transporte	DESCONTO	140.00	430
2231	Vale Transporte	DESCONTO	240.00	431
2232	Vale Transporte	DESCONTO	120.00	432
2233	Vale Transporte	DESCONTO	150.00	433
2234	Vale Transporte	DESCONTO	120.00	434
2235	Vale Transporte	DESCONTO	260.00	435
2236	Vale Transporte	DESCONTO	210.00	436
2237	Vale Transporte	DESCONTO	350.00	437
2238	Vale Transporte	DESCONTO	110.00	438
2239	Vale Transporte	DESCONTO	200.00	439
2240	Vale Transporte	DESCONTO	130.00	440
2241	Vale Transporte	DESCONTO	250.00	441
2242	Vale Transporte	DESCONTO	220.00	442
2243	Vale Transporte	DESCONTO	450.00	443
2244	Vale Transporte	DESCONTO	420.00	444
2245	Vale Transporte	DESCONTO	205.00	445
2246	Vale Transporte	DESCONTO	145.00	446
2247	Vale Transporte	DESCONTO	150.00	447
2248	Vale Transporte	DESCONTO	135.00	448
2249	Vale Transporte	DESCONTO	130.00	449
2250	Vale Transporte	DESCONTO	130.00	450
2251	Vale Transporte	DESCONTO	900.00	451
2252	Vale Transporte	DESCONTO	320.00	452
2253	Vale Transporte	DESCONTO	880.00	453
2254	Vale Transporte	DESCONTO	520.00	454
2255	Vale Transporte	DESCONTO	150.00	455
2256	Vale Transporte	DESCONTO	820.00	456
2257	Vale Transporte	DESCONTO	120.00	457
2258	Vale Transporte	DESCONTO	125.00	458
2259	Vale Transporte	DESCONTO	580.00	459
2260	Vale Transporte	DESCONTO	230.00	460
2261	Vale Transporte	DESCONTO	570.00	461
2262	Vale Transporte	DESCONTO	120.00	462
2263	Vale Transporte	DESCONTO	120.00	463
2264	Vale Transporte	DESCONTO	420.00	464
2265	Vale Transporte	DESCONTO	120.00	465
2266	Vale Transporte	DESCONTO	80.00	466
2267	Vale Transporte	DESCONTO	200.00	467
2268	Vale Transporte	DESCONTO	120.00	468
2269	Vale Transporte	DESCONTO	120.00	469
2270	Vale Transporte	DESCONTO	500.00	470
2271	Vale Transporte	DESCONTO	115.00	471
2272	Vale Transporte	DESCONTO	130.00	472
2273	Vale Transporte	DESCONTO	210.00	473
2274	Vale Transporte	DESCONTO	220.00	474
2275	Vale Transporte	DESCONTO	140.00	475
2276	Vale Transporte	DESCONTO	110.00	476
2277	Vale Transporte	DESCONTO	540.00	477
2278	Vale Transporte	DESCONTO	450.00	478
2279	Vale Transporte	DESCONTO	140.00	479
2280	Vale Transporte	DESCONTO	140.00	480
2281	Vale Transporte	DESCONTO	240.00	481
2282	Vale Transporte	DESCONTO	120.00	482
2283	Vale Transporte	DESCONTO	150.00	483
2284	Vale Transporte	DESCONTO	120.00	484
2285	Vale Transporte	DESCONTO	260.00	485
2286	Vale Transporte	DESCONTO	210.00	486
2287	Vale Transporte	DESCONTO	350.00	487
2288	Vale Transporte	DESCONTO	110.00	488
2289	Vale Transporte	DESCONTO	200.00	489
2290	Vale Transporte	DESCONTO	130.00	490
2291	Vale Transporte	DESCONTO	250.00	491
2292	Vale Transporte	DESCONTO	220.00	492
2293	Vale Transporte	DESCONTO	450.00	493
2294	Vale Transporte	DESCONTO	420.00	494
2295	Vale Transporte	DESCONTO	205.00	495
2296	Vale Transporte	DESCONTO	145.00	496
2297	Vale Transporte	DESCONTO	150.00	497
2298	Vale Transporte	DESCONTO	135.00	498
2299	Vale Transporte	DESCONTO	130.00	499
2300	Vale Transporte	DESCONTO	130.00	500
2301	Vale Transporte	DESCONTO	900.00	501
2302	Vale Transporte	DESCONTO	320.00	502
2303	Vale Transporte	DESCONTO	880.00	503
2304	Vale Transporte	DESCONTO	520.00	504
2305	Vale Transporte	DESCONTO	150.00	505
2306	Vale Transporte	DESCONTO	820.00	506
2307	Vale Transporte	DESCONTO	120.00	507
2308	Vale Transporte	DESCONTO	125.00	508
2309	Vale Transporte	DESCONTO	580.00	509
2310	Vale Transporte	DESCONTO	230.00	510
2311	Vale Transporte	DESCONTO	570.00	511
2312	Vale Transporte	DESCONTO	120.00	512
2313	Vale Transporte	DESCONTO	120.00	513
2314	Vale Transporte	DESCONTO	420.00	514
2315	Vale Transporte	DESCONTO	120.00	515
2316	Vale Transporte	DESCONTO	80.00	516
2317	Vale Transporte	DESCONTO	200.00	517
2318	Vale Transporte	DESCONTO	120.00	518
2319	Vale Transporte	DESCONTO	120.00	519
2320	Vale Transporte	DESCONTO	500.00	520
2321	Vale Transporte	DESCONTO	115.00	521
2322	Vale Transporte	DESCONTO	130.00	522
2323	Vale Transporte	DESCONTO	210.00	523
2324	Vale Transporte	DESCONTO	220.00	524
2325	Vale Transporte	DESCONTO	140.00	525
2326	Vale Transporte	DESCONTO	110.00	526
2327	Vale Transporte	DESCONTO	540.00	527
2328	Vale Transporte	DESCONTO	450.00	528
2329	Vale Transporte	DESCONTO	140.00	529
2330	Vale Transporte	DESCONTO	140.00	530
2331	Vale Transporte	DESCONTO	240.00	531
2332	Vale Transporte	DESCONTO	120.00	532
2333	Vale Transporte	DESCONTO	150.00	533
2334	Vale Transporte	DESCONTO	120.00	534
2335	Vale Transporte	DESCONTO	260.00	535
2336	Vale Transporte	DESCONTO	210.00	536
2337	Vale Transporte	DESCONTO	350.00	537
2338	Vale Transporte	DESCONTO	110.00	538
2339	Vale Transporte	DESCONTO	200.00	539
2340	Vale Transporte	DESCONTO	130.00	540
2341	Vale Transporte	DESCONTO	250.00	541
2342	Vale Transporte	DESCONTO	220.00	542
2343	Vale Transporte	DESCONTO	450.00	543
2344	Vale Transporte	DESCONTO	420.00	544
2345	Vale Transporte	DESCONTO	205.00	545
2346	Vale Transporte	DESCONTO	145.00	546
2347	Vale Transporte	DESCONTO	150.00	547
2348	Vale Transporte	DESCONTO	135.00	548
2349	Vale Transporte	DESCONTO	130.00	549
2350	Vale Transporte	DESCONTO	130.00	550
2351	Vale Transporte	DESCONTO	900.00	551
2352	Vale Transporte	DESCONTO	320.00	552
2353	Vale Transporte	DESCONTO	880.00	553
2354	Vale Transporte	DESCONTO	520.00	554
2355	Vale Transporte	DESCONTO	150.00	555
2356	Vale Transporte	DESCONTO	820.00	556
2357	Vale Transporte	DESCONTO	120.00	557
2358	Vale Transporte	DESCONTO	125.00	558
2359	Vale Transporte	DESCONTO	580.00	559
2360	Vale Transporte	DESCONTO	230.00	560
2361	Vale Transporte	DESCONTO	570.00	561
2362	Vale Transporte	DESCONTO	120.00	562
2363	Vale Transporte	DESCONTO	120.00	563
2364	Vale Transporte	DESCONTO	420.00	564
2365	Vale Transporte	DESCONTO	120.00	565
2366	Vale Transporte	DESCONTO	80.00	566
2367	Vale Transporte	DESCONTO	200.00	567
2368	Vale Transporte	DESCONTO	120.00	568
2369	Vale Transporte	DESCONTO	120.00	569
2370	Vale Transporte	DESCONTO	500.00	570
2371	Vale Transporte	DESCONTO	115.00	571
2372	Vale Transporte	DESCONTO	130.00	572
2373	Vale Transporte	DESCONTO	210.00	573
2374	Vale Transporte	DESCONTO	220.00	574
2375	Vale Transporte	DESCONTO	140.00	575
2376	Vale Transporte	DESCONTO	110.00	576
2377	Vale Transporte	DESCONTO	540.00	577
2378	Vale Transporte	DESCONTO	450.00	578
2379	Vale Transporte	DESCONTO	140.00	579
2380	Vale Transporte	DESCONTO	140.00	580
2381	Vale Transporte	DESCONTO	240.00	581
2382	Vale Transporte	DESCONTO	120.00	582
2383	Vale Transporte	DESCONTO	150.00	583
2384	Vale Transporte	DESCONTO	120.00	584
2385	Vale Transporte	DESCONTO	260.00	585
2386	Vale Transporte	DESCONTO	210.00	586
2387	Vale Transporte	DESCONTO	350.00	587
2388	Vale Transporte	DESCONTO	110.00	588
2389	Vale Transporte	DESCONTO	200.00	589
2390	Vale Transporte	DESCONTO	130.00	590
2391	Vale Transporte	DESCONTO	250.00	591
2392	Vale Transporte	DESCONTO	220.00	592
2393	Vale Transporte	DESCONTO	450.00	593
2394	Vale Transporte	DESCONTO	420.00	594
2395	Vale Transporte	DESCONTO	205.00	595
2396	Vale Transporte	DESCONTO	145.00	596
2397	Vale Transporte	DESCONTO	150.00	597
2398	Vale Transporte	DESCONTO	135.00	598
2399	Vale Transporte	DESCONTO	130.00	599
2400	Vale Transporte	DESCONTO	130.00	600
2401	Bônus validacao Codex	ADICIONAL	500.00	551
\.


--
-- Data for Name: ferias_afastamentos; Type: TABLE DATA; Schema: public; Owner: neondb_owner
--

COPY public.ferias_afastamentos (id, tipo, data_inicio, data_fim, observacoes, funcionario_id) FROM stdin;
1	FERIAS	2023-01-05	2023-01-20	Férias anuais — ciclo 2023.	1
2	FERIAS	2023-02-05	2023-02-20	Férias anuais — ciclo 2023.	2
3	FERIAS	2023-03-05	2023-03-20	Férias anuais — ciclo 2023.	3
4	FERIAS	2023-04-05	2023-04-20	Férias anuais — ciclo 2023.	4
5	FERIAS	2023-05-05	2023-05-20	Férias anuais — ciclo 2023.	5
6	FERIAS	2023-06-05	2023-06-20	Férias anuais — ciclo 2023.	6
7	FERIAS	2023-07-05	2023-07-20	Férias anuais — ciclo 2023.	7
8	FERIAS	2023-08-05	2023-08-20	Férias anuais — ciclo 2023.	8
9	FERIAS	2023-09-05	2023-09-20	Férias anuais — ciclo 2023.	9
10	FERIAS	2023-10-05	2023-10-20	Férias anuais — ciclo 2023.	10
11	FERIAS	2023-11-05	2023-11-20	Férias anuais — ciclo 2023.	11
12	FERIAS	2023-12-05	2023-12-20	Férias anuais — ciclo 2023.	12
13	FERIAS	2023-01-05	2023-01-20	Férias anuais — ciclo 2023.	13
14	FERIAS	2023-02-05	2023-02-20	Férias anuais — ciclo 2023.	14
15	FERIAS	2023-03-05	2023-03-20	Férias anuais — ciclo 2023.	15
16	FERIAS	2023-04-05	2023-04-20	Férias anuais — ciclo 2023.	16
17	FERIAS	2023-05-05	2023-05-20	Férias anuais — ciclo 2023.	17
18	FERIAS	2023-06-05	2023-06-20	Férias anuais — ciclo 2023.	18
19	FERIAS	2023-07-05	2023-07-20	Férias anuais — ciclo 2023.	19
20	FERIAS	2023-08-05	2023-08-20	Férias anuais — ciclo 2023.	20
21	FERIAS	2023-09-05	2023-09-20	Férias anuais — ciclo 2023.	21
22	FERIAS	2023-10-05	2023-10-20	Férias anuais — ciclo 2023.	22
23	FERIAS	2023-11-05	2023-11-20	Férias anuais — ciclo 2023.	23
24	FERIAS	2023-12-05	2023-12-20	Férias anuais — ciclo 2023.	24
25	FERIAS	2023-01-05	2023-01-20	Férias anuais — ciclo 2023.	25
26	FERIAS	2023-02-05	2023-02-20	Férias anuais — ciclo 2023.	26
27	FERIAS	2023-03-05	2023-03-20	Férias anuais — ciclo 2023.	27
28	FERIAS	2023-04-05	2023-04-20	Férias anuais — ciclo 2023.	28
29	FERIAS	2023-05-05	2023-05-20	Férias anuais — ciclo 2023.	29
30	FERIAS	2023-06-05	2023-06-20	Férias anuais — ciclo 2023.	30
31	FERIAS	2023-07-05	2023-07-20	Férias anuais — ciclo 2023.	31
32	FERIAS	2023-08-05	2023-08-20	Férias anuais — ciclo 2023.	32
33	FERIAS	2023-09-05	2023-09-20	Férias anuais — ciclo 2023.	33
34	FERIAS	2023-10-05	2023-10-20	Férias anuais — ciclo 2023.	34
35	FERIAS	2023-11-05	2023-11-20	Férias anuais — ciclo 2023.	35
36	FERIAS	2023-12-05	2023-12-20	Férias anuais — ciclo 2023.	36
37	FERIAS	2023-01-05	2023-01-20	Férias anuais — ciclo 2023.	37
38	FERIAS	2023-02-05	2023-02-20	Férias anuais — ciclo 2023.	38
39	FERIAS	2023-03-05	2023-03-20	Férias anuais — ciclo 2023.	39
40	FERIAS	2023-04-05	2023-04-20	Férias anuais — ciclo 2023.	40
41	FERIAS	2023-05-05	2023-05-20	Férias anuais — ciclo 2023.	41
42	FERIAS	2023-06-05	2023-06-20	Férias anuais — ciclo 2023.	42
43	FERIAS	2023-07-05	2023-07-20	Férias anuais — ciclo 2023.	43
44	FERIAS	2023-08-05	2023-08-20	Férias anuais — ciclo 2023.	44
45	FERIAS	2023-09-05	2023-09-20	Férias anuais — ciclo 2023.	45
46	FERIAS	2023-10-05	2023-10-20	Férias anuais — ciclo 2023.	46
47	FERIAS	2023-11-05	2023-11-20	Férias anuais — ciclo 2023.	47
48	FERIAS	2023-12-05	2023-12-20	Férias anuais — ciclo 2023.	48
49	FERIAS	2023-01-05	2023-01-20	Férias anuais — ciclo 2023.	49
50	FERIAS	2023-02-05	2023-02-20	Férias anuais — ciclo 2023.	50
51	AFASTAMENTO	2022-01-10	2022-01-15	Afastamento médico breve.	1
52	AFASTAMENTO	2022-02-10	2022-02-15	Afastamento médico breve.	2
53	AFASTAMENTO	2022-03-10	2022-03-15	Afastamento por treinamento.	3
54	AFASTAMENTO	2022-04-10	2022-04-15	Afastamento por treinamento.	4
55	AFASTAMENTO	2022-05-10	2022-05-15	Afastamento médico breve.	5
56	AFASTAMENTO	2022-06-10	2022-06-15	Afastamento médico breve.	6
57	AFASTAMENTO	2022-07-10	2022-07-15	Afastamento médico breve.	7
58	AFASTAMENTO	2022-08-10	2022-08-15	Afastamento por treinamento.	8
59	AFASTAMENTO	2022-09-10	2022-09-15	Afastamento por treinamento.	9
60	AFASTAMENTO	2022-10-10	2022-10-15	Afastamento médico breve.	10
61	AFASTAMENTO	2022-11-10	2022-11-15	Afastamento médico breve.	11
62	AFASTAMENTO	2022-12-10	2022-12-15	Afastamento por treinamento.	12
63	AFASTAMENTO	2022-01-10	2022-01-15	Afastamento por treinamento.	13
64	AFASTAMENTO	2022-02-10	2022-02-15	Afastamento médico breve.	14
65	AFASTAMENTO	2022-03-10	2022-03-15	Afastamento por treinamento.	15
66	AFASTAMENTO	2022-04-10	2022-04-15	Afastamento médico breve.	16
67	AFASTAMENTO	2022-05-10	2022-05-15	Afastamento médico breve.	17
68	AFASTAMENTO	2022-06-10	2022-06-15	Afastamento por treinamento.	18
69	AFASTAMENTO	2022-07-10	2022-07-15	Afastamento por treinamento.	19
70	AFASTAMENTO	2022-08-10	2022-08-15	Afastamento médico breve.	20
71	AFASTAMENTO	2022-09-10	2022-09-15	Afastamento por treinamento.	21
72	AFASTAMENTO	2022-10-10	2022-10-15	Afastamento médico breve.	22
73	AFASTAMENTO	2022-11-10	2022-11-15	Afastamento por treinamento.	23
74	AFASTAMENTO	2022-12-10	2022-12-15	Afastamento médico breve.	24
75	AFASTAMENTO	2022-01-10	2022-01-15	Afastamento médico breve.	25
76	AFASTAMENTO	2022-02-10	2022-02-15	Afastamento por treinamento.	26
77	AFASTAMENTO	2022-03-10	2022-03-15	Afastamento médico breve.	27
78	AFASTAMENTO	2022-04-10	2022-04-15	Afastamento por treinamento.	28
79	AFASTAMENTO	2022-05-10	2022-05-15	Afastamento médico breve.	29
80	AFASTAMENTO	2022-06-10	2022-06-15	Afastamento por treinamento.	30
81	AFASTAMENTO	2022-07-10	2022-07-15	Afastamento médico breve.	31
82	AFASTAMENTO	2022-08-10	2022-08-15	Afastamento por treinamento.	32
83	AFASTAMENTO	2022-09-10	2022-09-15	Afastamento médico breve.	33
84	AFASTAMENTO	2022-10-10	2022-10-15	Afastamento por treinamento.	34
85	AFASTAMENTO	2022-11-10	2022-11-15	Afastamento médico breve.	35
86	AFASTAMENTO	2022-12-10	2022-12-15	Afastamento por treinamento.	36
87	AFASTAMENTO	2022-01-10	2022-01-15	Afastamento médico breve.	37
88	AFASTAMENTO	2022-02-10	2022-02-15	Afastamento por treinamento.	38
89	AFASTAMENTO	2022-03-10	2022-03-15	Afastamento médico breve.	39
90	AFASTAMENTO	2022-04-10	2022-04-15	Afastamento por treinamento.	40
91	AFASTAMENTO	2022-05-10	2022-05-15	Afastamento médico breve.	41
92	AFASTAMENTO	2022-06-10	2022-06-15	Afastamento por treinamento.	42
93	AFASTAMENTO	2022-07-10	2022-07-15	Afastamento médico breve.	43
94	AFASTAMENTO	2022-08-10	2022-08-15	Afastamento por treinamento.	44
95	AFASTAMENTO	2022-09-10	2022-09-15	Afastamento médico breve.	45
96	AFASTAMENTO	2022-10-10	2022-10-15	Afastamento por treinamento.	46
97	AFASTAMENTO	2022-11-10	2022-11-15	Afastamento médico breve.	47
98	AFASTAMENTO	2022-12-10	2022-12-15	Afastamento por treinamento.	48
99	AFASTAMENTO	2022-01-10	2022-01-15	Afastamento médico breve.	49
100	AFASTAMENTO	2022-02-10	2022-02-15	Afastamento por treinamento.	50
\.


--
-- Data for Name: folhas_pagamento; Type: TABLE DATA; Schema: public; Owner: neondb_owner
--

COPY public.folhas_pagamento (id, ano, mes, salario_bruto, total_descontos, salario_liquido, data_pagamento, funcionario_id) FROM stdin;
1	2023	1	90000.00	10800.00	79200.00	2023-01-25	1
2	2023	1	32000.00	3840.00	28160.00	2023-01-25	2
3	2023	1	88000.00	10560.00	77440.00	2023-01-25	3
4	2023	1	52000.00	6240.00	45760.00	2023-01-25	4
5	2023	1	15000.00	1800.00	13200.00	2023-01-25	5
6	2023	1	82000.00	9840.00	72160.00	2023-01-25	6
7	2023	1	12000.00	1440.00	10560.00	2023-01-25	7
8	2023	1	12500.00	1500.00	11000.00	2023-01-25	8
9	2023	1	58000.00	6960.00	51040.00	2023-01-25	9
10	2023	1	23000.00	2760.00	20240.00	2023-01-25	10
11	2023	1	57000.00	6840.00	50160.00	2023-01-25	11
12	2023	1	12000.00	1440.00	10560.00	2023-01-25	12
13	2023	1	12000.00	1440.00	10560.00	2023-01-25	13
14	2023	1	42000.00	5040.00	36960.00	2023-01-25	14
15	2023	1	12000.00	1440.00	10560.00	2023-01-25	15
16	2023	1	8000.00	960.00	7040.00	2023-01-25	16
17	2023	1	20000.00	2400.00	17600.00	2023-01-25	17
18	2023	1	12000.00	1440.00	10560.00	2023-01-25	18
19	2023	1	12000.00	1440.00	10560.00	2023-01-25	19
20	2023	1	50000.00	6000.00	44000.00	2023-01-25	20
21	2023	1	11500.00	1380.00	10120.00	2023-01-25	21
22	2023	1	13000.00	1560.00	11440.00	2023-01-25	22
23	2023	1	21000.00	2520.00	18480.00	2023-01-25	23
24	2023	1	22000.00	2640.00	19360.00	2023-01-25	24
25	2023	1	14000.00	1680.00	12320.00	2023-01-25	25
26	2023	1	11000.00	1320.00	9680.00	2023-01-25	26
27	2023	1	54000.00	6480.00	47520.00	2023-01-25	27
28	2023	1	45000.00	5400.00	39600.00	2023-01-25	28
29	2023	1	14000.00	1680.00	12320.00	2023-01-25	29
30	2023	1	14000.00	1680.00	12320.00	2023-01-25	30
31	2023	1	24000.00	2880.00	21120.00	2023-01-25	31
32	2023	1	12000.00	1440.00	10560.00	2023-01-25	32
33	2023	1	15000.00	1800.00	13200.00	2023-01-25	33
34	2023	1	12000.00	1440.00	10560.00	2023-01-25	34
35	2023	1	26000.00	3120.00	22880.00	2023-01-25	35
36	2023	1	21000.00	2520.00	18480.00	2023-01-25	36
37	2023	1	35000.00	4200.00	30800.00	2023-01-25	37
38	2023	1	11000.00	1320.00	9680.00	2023-01-25	38
39	2023	1	20000.00	2400.00	17600.00	2023-01-25	39
40	2023	1	13000.00	1560.00	11440.00	2023-01-25	40
41	2023	1	25000.00	3000.00	22000.00	2023-01-25	41
42	2023	1	22000.00	2640.00	19360.00	2023-01-25	42
43	2023	1	45000.00	5400.00	39600.00	2023-01-25	43
44	2023	1	42000.00	5040.00	36960.00	2023-01-25	44
45	2023	1	20500.00	2460.00	18040.00	2023-01-25	45
46	2023	1	14500.00	1740.00	12760.00	2023-01-25	46
47	2023	1	15000.00	1800.00	13200.00	2023-01-25	47
48	2023	1	13500.00	1620.00	11880.00	2023-01-25	48
49	2023	1	13000.00	1560.00	11440.00	2023-01-25	49
50	2023	1	13000.00	1560.00	11440.00	2023-01-25	50
51	2023	2	90000.00	10800.00	79200.00	2023-02-25	1
52	2023	2	32000.00	3840.00	28160.00	2023-02-25	2
53	2023	2	88000.00	10560.00	77440.00	2023-02-25	3
54	2023	2	52000.00	6240.00	45760.00	2023-02-25	4
55	2023	2	15000.00	1800.00	13200.00	2023-02-25	5
56	2023	2	82000.00	9840.00	72160.00	2023-02-25	6
57	2023	2	12000.00	1440.00	10560.00	2023-02-25	7
58	2023	2	12500.00	1500.00	11000.00	2023-02-25	8
59	2023	2	58000.00	6960.00	51040.00	2023-02-25	9
60	2023	2	23000.00	2760.00	20240.00	2023-02-25	10
61	2023	2	57000.00	6840.00	50160.00	2023-02-25	11
62	2023	2	12000.00	1440.00	10560.00	2023-02-25	12
63	2023	2	12000.00	1440.00	10560.00	2023-02-25	13
64	2023	2	42000.00	5040.00	36960.00	2023-02-25	14
65	2023	2	12000.00	1440.00	10560.00	2023-02-25	15
66	2023	2	8000.00	960.00	7040.00	2023-02-25	16
67	2023	2	20000.00	2400.00	17600.00	2023-02-25	17
68	2023	2	12000.00	1440.00	10560.00	2023-02-25	18
69	2023	2	12000.00	1440.00	10560.00	2023-02-25	19
70	2023	2	50000.00	6000.00	44000.00	2023-02-25	20
71	2023	2	11500.00	1380.00	10120.00	2023-02-25	21
72	2023	2	13000.00	1560.00	11440.00	2023-02-25	22
73	2023	2	21000.00	2520.00	18480.00	2023-02-25	23
74	2023	2	22000.00	2640.00	19360.00	2023-02-25	24
75	2023	2	14000.00	1680.00	12320.00	2023-02-25	25
76	2023	2	11000.00	1320.00	9680.00	2023-02-25	26
77	2023	2	54000.00	6480.00	47520.00	2023-02-25	27
78	2023	2	45000.00	5400.00	39600.00	2023-02-25	28
79	2023	2	14000.00	1680.00	12320.00	2023-02-25	29
80	2023	2	14000.00	1680.00	12320.00	2023-02-25	30
81	2023	2	24000.00	2880.00	21120.00	2023-02-25	31
82	2023	2	12000.00	1440.00	10560.00	2023-02-25	32
83	2023	2	15000.00	1800.00	13200.00	2023-02-25	33
84	2023	2	12000.00	1440.00	10560.00	2023-02-25	34
85	2023	2	26000.00	3120.00	22880.00	2023-02-25	35
86	2023	2	21000.00	2520.00	18480.00	2023-02-25	36
87	2023	2	35000.00	4200.00	30800.00	2023-02-25	37
88	2023	2	11000.00	1320.00	9680.00	2023-02-25	38
89	2023	2	20000.00	2400.00	17600.00	2023-02-25	39
90	2023	2	13000.00	1560.00	11440.00	2023-02-25	40
91	2023	2	25000.00	3000.00	22000.00	2023-02-25	41
92	2023	2	22000.00	2640.00	19360.00	2023-02-25	42
93	2023	2	45000.00	5400.00	39600.00	2023-02-25	43
94	2023	2	42000.00	5040.00	36960.00	2023-02-25	44
95	2023	2	20500.00	2460.00	18040.00	2023-02-25	45
96	2023	2	14500.00	1740.00	12760.00	2023-02-25	46
97	2023	2	15000.00	1800.00	13200.00	2023-02-25	47
98	2023	2	13500.00	1620.00	11880.00	2023-02-25	48
99	2023	2	13000.00	1560.00	11440.00	2023-02-25	49
100	2023	2	13000.00	1560.00	11440.00	2023-02-25	50
101	2023	3	90000.00	10800.00	79200.00	2023-03-25	1
102	2023	3	32000.00	3840.00	28160.00	2023-03-25	2
103	2023	3	88000.00	10560.00	77440.00	2023-03-25	3
104	2023	3	52000.00	6240.00	45760.00	2023-03-25	4
105	2023	3	15000.00	1800.00	13200.00	2023-03-25	5
106	2023	3	82000.00	9840.00	72160.00	2023-03-25	6
107	2023	3	12000.00	1440.00	10560.00	2023-03-25	7
108	2023	3	12500.00	1500.00	11000.00	2023-03-25	8
109	2023	3	58000.00	6960.00	51040.00	2023-03-25	9
110	2023	3	23000.00	2760.00	20240.00	2023-03-25	10
111	2023	3	57000.00	6840.00	50160.00	2023-03-25	11
112	2023	3	12000.00	1440.00	10560.00	2023-03-25	12
113	2023	3	12000.00	1440.00	10560.00	2023-03-25	13
114	2023	3	42000.00	5040.00	36960.00	2023-03-25	14
115	2023	3	12000.00	1440.00	10560.00	2023-03-25	15
116	2023	3	8000.00	960.00	7040.00	2023-03-25	16
117	2023	3	20000.00	2400.00	17600.00	2023-03-25	17
118	2023	3	12000.00	1440.00	10560.00	2023-03-25	18
119	2023	3	12000.00	1440.00	10560.00	2023-03-25	19
120	2023	3	50000.00	6000.00	44000.00	2023-03-25	20
121	2023	3	11500.00	1380.00	10120.00	2023-03-25	21
122	2023	3	13000.00	1560.00	11440.00	2023-03-25	22
123	2023	3	21000.00	2520.00	18480.00	2023-03-25	23
124	2023	3	22000.00	2640.00	19360.00	2023-03-25	24
125	2023	3	14000.00	1680.00	12320.00	2023-03-25	25
126	2023	3	11000.00	1320.00	9680.00	2023-03-25	26
127	2023	3	54000.00	6480.00	47520.00	2023-03-25	27
128	2023	3	45000.00	5400.00	39600.00	2023-03-25	28
129	2023	3	14000.00	1680.00	12320.00	2023-03-25	29
130	2023	3	14000.00	1680.00	12320.00	2023-03-25	30
131	2023	3	24000.00	2880.00	21120.00	2023-03-25	31
132	2023	3	12000.00	1440.00	10560.00	2023-03-25	32
133	2023	3	15000.00	1800.00	13200.00	2023-03-25	33
134	2023	3	12000.00	1440.00	10560.00	2023-03-25	34
135	2023	3	26000.00	3120.00	22880.00	2023-03-25	35
136	2023	3	21000.00	2520.00	18480.00	2023-03-25	36
137	2023	3	35000.00	4200.00	30800.00	2023-03-25	37
138	2023	3	11000.00	1320.00	9680.00	2023-03-25	38
139	2023	3	20000.00	2400.00	17600.00	2023-03-25	39
140	2023	3	13000.00	1560.00	11440.00	2023-03-25	40
141	2023	3	25000.00	3000.00	22000.00	2023-03-25	41
142	2023	3	22000.00	2640.00	19360.00	2023-03-25	42
143	2023	3	45000.00	5400.00	39600.00	2023-03-25	43
144	2023	3	42000.00	5040.00	36960.00	2023-03-25	44
145	2023	3	20500.00	2460.00	18040.00	2023-03-25	45
146	2023	3	14500.00	1740.00	12760.00	2023-03-25	46
147	2023	3	15000.00	1800.00	13200.00	2023-03-25	47
148	2023	3	13500.00	1620.00	11880.00	2023-03-25	48
149	2023	3	13000.00	1560.00	11440.00	2023-03-25	49
150	2023	3	13000.00	1560.00	11440.00	2023-03-25	50
151	2023	4	90000.00	10800.00	79200.00	2023-04-25	1
152	2023	4	32000.00	3840.00	28160.00	2023-04-25	2
153	2023	4	88000.00	10560.00	77440.00	2023-04-25	3
154	2023	4	52000.00	6240.00	45760.00	2023-04-25	4
155	2023	4	15000.00	1800.00	13200.00	2023-04-25	5
156	2023	4	82000.00	9840.00	72160.00	2023-04-25	6
157	2023	4	12000.00	1440.00	10560.00	2023-04-25	7
158	2023	4	12500.00	1500.00	11000.00	2023-04-25	8
159	2023	4	58000.00	6960.00	51040.00	2023-04-25	9
160	2023	4	23000.00	2760.00	20240.00	2023-04-25	10
161	2023	4	57000.00	6840.00	50160.00	2023-04-25	11
162	2023	4	12000.00	1440.00	10560.00	2023-04-25	12
163	2023	4	12000.00	1440.00	10560.00	2023-04-25	13
164	2023	4	42000.00	5040.00	36960.00	2023-04-25	14
165	2023	4	12000.00	1440.00	10560.00	2023-04-25	15
166	2023	4	8000.00	960.00	7040.00	2023-04-25	16
167	2023	4	20000.00	2400.00	17600.00	2023-04-25	17
168	2023	4	12000.00	1440.00	10560.00	2023-04-25	18
169	2023	4	12000.00	1440.00	10560.00	2023-04-25	19
170	2023	4	50000.00	6000.00	44000.00	2023-04-25	20
171	2023	4	11500.00	1380.00	10120.00	2023-04-25	21
172	2023	4	13000.00	1560.00	11440.00	2023-04-25	22
173	2023	4	21000.00	2520.00	18480.00	2023-04-25	23
174	2023	4	22000.00	2640.00	19360.00	2023-04-25	24
175	2023	4	14000.00	1680.00	12320.00	2023-04-25	25
176	2023	4	11000.00	1320.00	9680.00	2023-04-25	26
177	2023	4	54000.00	6480.00	47520.00	2023-04-25	27
178	2023	4	45000.00	5400.00	39600.00	2023-04-25	28
179	2023	4	14000.00	1680.00	12320.00	2023-04-25	29
180	2023	4	14000.00	1680.00	12320.00	2023-04-25	30
181	2023	4	24000.00	2880.00	21120.00	2023-04-25	31
182	2023	4	12000.00	1440.00	10560.00	2023-04-25	32
183	2023	4	15000.00	1800.00	13200.00	2023-04-25	33
184	2023	4	12000.00	1440.00	10560.00	2023-04-25	34
185	2023	4	26000.00	3120.00	22880.00	2023-04-25	35
186	2023	4	21000.00	2520.00	18480.00	2023-04-25	36
187	2023	4	35000.00	4200.00	30800.00	2023-04-25	37
188	2023	4	11000.00	1320.00	9680.00	2023-04-25	38
189	2023	4	20000.00	2400.00	17600.00	2023-04-25	39
190	2023	4	13000.00	1560.00	11440.00	2023-04-25	40
191	2023	4	25000.00	3000.00	22000.00	2023-04-25	41
192	2023	4	22000.00	2640.00	19360.00	2023-04-25	42
193	2023	4	45000.00	5400.00	39600.00	2023-04-25	43
194	2023	4	42000.00	5040.00	36960.00	2023-04-25	44
195	2023	4	20500.00	2460.00	18040.00	2023-04-25	45
196	2023	4	14500.00	1740.00	12760.00	2023-04-25	46
197	2023	4	15000.00	1800.00	13200.00	2023-04-25	47
198	2023	4	13500.00	1620.00	11880.00	2023-04-25	48
199	2023	4	13000.00	1560.00	11440.00	2023-04-25	49
200	2023	4	13000.00	1560.00	11440.00	2023-04-25	50
201	2023	5	90000.00	10800.00	79200.00	2023-05-25	1
202	2023	5	32000.00	3840.00	28160.00	2023-05-25	2
203	2023	5	88000.00	10560.00	77440.00	2023-05-25	3
204	2023	5	52000.00	6240.00	45760.00	2023-05-25	4
205	2023	5	15000.00	1800.00	13200.00	2023-05-25	5
206	2023	5	82000.00	9840.00	72160.00	2023-05-25	6
207	2023	5	12000.00	1440.00	10560.00	2023-05-25	7
208	2023	5	12500.00	1500.00	11000.00	2023-05-25	8
209	2023	5	58000.00	6960.00	51040.00	2023-05-25	9
210	2023	5	23000.00	2760.00	20240.00	2023-05-25	10
211	2023	5	57000.00	6840.00	50160.00	2023-05-25	11
212	2023	5	12000.00	1440.00	10560.00	2023-05-25	12
213	2023	5	12000.00	1440.00	10560.00	2023-05-25	13
214	2023	5	42000.00	5040.00	36960.00	2023-05-25	14
215	2023	5	12000.00	1440.00	10560.00	2023-05-25	15
216	2023	5	8000.00	960.00	7040.00	2023-05-25	16
217	2023	5	20000.00	2400.00	17600.00	2023-05-25	17
218	2023	5	12000.00	1440.00	10560.00	2023-05-25	18
219	2023	5	12000.00	1440.00	10560.00	2023-05-25	19
220	2023	5	50000.00	6000.00	44000.00	2023-05-25	20
221	2023	5	11500.00	1380.00	10120.00	2023-05-25	21
222	2023	5	13000.00	1560.00	11440.00	2023-05-25	22
223	2023	5	21000.00	2520.00	18480.00	2023-05-25	23
224	2023	5	22000.00	2640.00	19360.00	2023-05-25	24
225	2023	5	14000.00	1680.00	12320.00	2023-05-25	25
226	2023	5	11000.00	1320.00	9680.00	2023-05-25	26
227	2023	5	54000.00	6480.00	47520.00	2023-05-25	27
228	2023	5	45000.00	5400.00	39600.00	2023-05-25	28
229	2023	5	14000.00	1680.00	12320.00	2023-05-25	29
230	2023	5	14000.00	1680.00	12320.00	2023-05-25	30
231	2023	5	24000.00	2880.00	21120.00	2023-05-25	31
232	2023	5	12000.00	1440.00	10560.00	2023-05-25	32
233	2023	5	15000.00	1800.00	13200.00	2023-05-25	33
234	2023	5	12000.00	1440.00	10560.00	2023-05-25	34
235	2023	5	26000.00	3120.00	22880.00	2023-05-25	35
236	2023	5	21000.00	2520.00	18480.00	2023-05-25	36
237	2023	5	35000.00	4200.00	30800.00	2023-05-25	37
238	2023	5	11000.00	1320.00	9680.00	2023-05-25	38
239	2023	5	20000.00	2400.00	17600.00	2023-05-25	39
240	2023	5	13000.00	1560.00	11440.00	2023-05-25	40
241	2023	5	25000.00	3000.00	22000.00	2023-05-25	41
242	2023	5	22000.00	2640.00	19360.00	2023-05-25	42
243	2023	5	45000.00	5400.00	39600.00	2023-05-25	43
244	2023	5	42000.00	5040.00	36960.00	2023-05-25	44
245	2023	5	20500.00	2460.00	18040.00	2023-05-25	45
246	2023	5	14500.00	1740.00	12760.00	2023-05-25	46
247	2023	5	15000.00	1800.00	13200.00	2023-05-25	47
248	2023	5	13500.00	1620.00	11880.00	2023-05-25	48
249	2023	5	13000.00	1560.00	11440.00	2023-05-25	49
250	2023	5	13000.00	1560.00	11440.00	2023-05-25	50
251	2023	6	90000.00	10800.00	79200.00	2023-06-25	1
252	2023	6	32000.00	3840.00	28160.00	2023-06-25	2
253	2023	6	88000.00	10560.00	77440.00	2023-06-25	3
254	2023	6	52000.00	6240.00	45760.00	2023-06-25	4
255	2023	6	15000.00	1800.00	13200.00	2023-06-25	5
256	2023	6	82000.00	9840.00	72160.00	2023-06-25	6
257	2023	6	12000.00	1440.00	10560.00	2023-06-25	7
258	2023	6	12500.00	1500.00	11000.00	2023-06-25	8
259	2023	6	58000.00	6960.00	51040.00	2023-06-25	9
260	2023	6	23000.00	2760.00	20240.00	2023-06-25	10
261	2023	6	57000.00	6840.00	50160.00	2023-06-25	11
262	2023	6	12000.00	1440.00	10560.00	2023-06-25	12
263	2023	6	12000.00	1440.00	10560.00	2023-06-25	13
264	2023	6	42000.00	5040.00	36960.00	2023-06-25	14
265	2023	6	12000.00	1440.00	10560.00	2023-06-25	15
266	2023	6	8000.00	960.00	7040.00	2023-06-25	16
267	2023	6	20000.00	2400.00	17600.00	2023-06-25	17
268	2023	6	12000.00	1440.00	10560.00	2023-06-25	18
269	2023	6	12000.00	1440.00	10560.00	2023-06-25	19
270	2023	6	50000.00	6000.00	44000.00	2023-06-25	20
271	2023	6	11500.00	1380.00	10120.00	2023-06-25	21
272	2023	6	13000.00	1560.00	11440.00	2023-06-25	22
273	2023	6	21000.00	2520.00	18480.00	2023-06-25	23
274	2023	6	22000.00	2640.00	19360.00	2023-06-25	24
275	2023	6	14000.00	1680.00	12320.00	2023-06-25	25
276	2023	6	11000.00	1320.00	9680.00	2023-06-25	26
277	2023	6	54000.00	6480.00	47520.00	2023-06-25	27
278	2023	6	45000.00	5400.00	39600.00	2023-06-25	28
279	2023	6	14000.00	1680.00	12320.00	2023-06-25	29
280	2023	6	14000.00	1680.00	12320.00	2023-06-25	30
281	2023	6	24000.00	2880.00	21120.00	2023-06-25	31
282	2023	6	12000.00	1440.00	10560.00	2023-06-25	32
283	2023	6	15000.00	1800.00	13200.00	2023-06-25	33
284	2023	6	12000.00	1440.00	10560.00	2023-06-25	34
285	2023	6	26000.00	3120.00	22880.00	2023-06-25	35
286	2023	6	21000.00	2520.00	18480.00	2023-06-25	36
287	2023	6	35000.00	4200.00	30800.00	2023-06-25	37
288	2023	6	11000.00	1320.00	9680.00	2023-06-25	38
289	2023	6	20000.00	2400.00	17600.00	2023-06-25	39
290	2023	6	13000.00	1560.00	11440.00	2023-06-25	40
291	2023	6	25000.00	3000.00	22000.00	2023-06-25	41
292	2023	6	22000.00	2640.00	19360.00	2023-06-25	42
293	2023	6	45000.00	5400.00	39600.00	2023-06-25	43
294	2023	6	42000.00	5040.00	36960.00	2023-06-25	44
295	2023	6	20500.00	2460.00	18040.00	2023-06-25	45
296	2023	6	14500.00	1740.00	12760.00	2023-06-25	46
297	2023	6	15000.00	1800.00	13200.00	2023-06-25	47
298	2023	6	13500.00	1620.00	11880.00	2023-06-25	48
299	2023	6	13000.00	1560.00	11440.00	2023-06-25	49
300	2023	6	13000.00	1560.00	11440.00	2023-06-25	50
301	2023	7	90000.00	10800.00	79200.00	2023-07-25	1
302	2023	7	32000.00	3840.00	28160.00	2023-07-25	2
303	2023	7	88000.00	10560.00	77440.00	2023-07-25	3
304	2023	7	52000.00	6240.00	45760.00	2023-07-25	4
305	2023	7	15000.00	1800.00	13200.00	2023-07-25	5
306	2023	7	82000.00	9840.00	72160.00	2023-07-25	6
307	2023	7	12000.00	1440.00	10560.00	2023-07-25	7
308	2023	7	12500.00	1500.00	11000.00	2023-07-25	8
309	2023	7	58000.00	6960.00	51040.00	2023-07-25	9
310	2023	7	23000.00	2760.00	20240.00	2023-07-25	10
311	2023	7	57000.00	6840.00	50160.00	2023-07-25	11
312	2023	7	12000.00	1440.00	10560.00	2023-07-25	12
313	2023	7	12000.00	1440.00	10560.00	2023-07-25	13
314	2023	7	42000.00	5040.00	36960.00	2023-07-25	14
315	2023	7	12000.00	1440.00	10560.00	2023-07-25	15
316	2023	7	8000.00	960.00	7040.00	2023-07-25	16
317	2023	7	20000.00	2400.00	17600.00	2023-07-25	17
318	2023	7	12000.00	1440.00	10560.00	2023-07-25	18
319	2023	7	12000.00	1440.00	10560.00	2023-07-25	19
320	2023	7	50000.00	6000.00	44000.00	2023-07-25	20
321	2023	7	11500.00	1380.00	10120.00	2023-07-25	21
322	2023	7	13000.00	1560.00	11440.00	2023-07-25	22
323	2023	7	21000.00	2520.00	18480.00	2023-07-25	23
324	2023	7	22000.00	2640.00	19360.00	2023-07-25	24
325	2023	7	14000.00	1680.00	12320.00	2023-07-25	25
326	2023	7	11000.00	1320.00	9680.00	2023-07-25	26
327	2023	7	54000.00	6480.00	47520.00	2023-07-25	27
328	2023	7	45000.00	5400.00	39600.00	2023-07-25	28
329	2023	7	14000.00	1680.00	12320.00	2023-07-25	29
330	2023	7	14000.00	1680.00	12320.00	2023-07-25	30
331	2023	7	24000.00	2880.00	21120.00	2023-07-25	31
332	2023	7	12000.00	1440.00	10560.00	2023-07-25	32
333	2023	7	15000.00	1800.00	13200.00	2023-07-25	33
334	2023	7	12000.00	1440.00	10560.00	2023-07-25	34
335	2023	7	26000.00	3120.00	22880.00	2023-07-25	35
336	2023	7	21000.00	2520.00	18480.00	2023-07-25	36
337	2023	7	35000.00	4200.00	30800.00	2023-07-25	37
338	2023	7	11000.00	1320.00	9680.00	2023-07-25	38
339	2023	7	20000.00	2400.00	17600.00	2023-07-25	39
340	2023	7	13000.00	1560.00	11440.00	2023-07-25	40
341	2023	7	25000.00	3000.00	22000.00	2023-07-25	41
342	2023	7	22000.00	2640.00	19360.00	2023-07-25	42
343	2023	7	45000.00	5400.00	39600.00	2023-07-25	43
344	2023	7	42000.00	5040.00	36960.00	2023-07-25	44
345	2023	7	20500.00	2460.00	18040.00	2023-07-25	45
346	2023	7	14500.00	1740.00	12760.00	2023-07-25	46
347	2023	7	15000.00	1800.00	13200.00	2023-07-25	47
348	2023	7	13500.00	1620.00	11880.00	2023-07-25	48
349	2023	7	13000.00	1560.00	11440.00	2023-07-25	49
350	2023	7	13000.00	1560.00	11440.00	2023-07-25	50
351	2023	8	90000.00	10800.00	79200.00	2023-08-25	1
352	2023	8	32000.00	3840.00	28160.00	2023-08-25	2
353	2023	8	88000.00	10560.00	77440.00	2023-08-25	3
354	2023	8	52000.00	6240.00	45760.00	2023-08-25	4
355	2023	8	15000.00	1800.00	13200.00	2023-08-25	5
356	2023	8	82000.00	9840.00	72160.00	2023-08-25	6
357	2023	8	12000.00	1440.00	10560.00	2023-08-25	7
358	2023	8	12500.00	1500.00	11000.00	2023-08-25	8
359	2023	8	58000.00	6960.00	51040.00	2023-08-25	9
360	2023	8	23000.00	2760.00	20240.00	2023-08-25	10
361	2023	8	57000.00	6840.00	50160.00	2023-08-25	11
362	2023	8	12000.00	1440.00	10560.00	2023-08-25	12
363	2023	8	12000.00	1440.00	10560.00	2023-08-25	13
364	2023	8	42000.00	5040.00	36960.00	2023-08-25	14
365	2023	8	12000.00	1440.00	10560.00	2023-08-25	15
366	2023	8	8000.00	960.00	7040.00	2023-08-25	16
367	2023	8	20000.00	2400.00	17600.00	2023-08-25	17
368	2023	8	12000.00	1440.00	10560.00	2023-08-25	18
369	2023	8	12000.00	1440.00	10560.00	2023-08-25	19
370	2023	8	50000.00	6000.00	44000.00	2023-08-25	20
371	2023	8	11500.00	1380.00	10120.00	2023-08-25	21
372	2023	8	13000.00	1560.00	11440.00	2023-08-25	22
373	2023	8	21000.00	2520.00	18480.00	2023-08-25	23
374	2023	8	22000.00	2640.00	19360.00	2023-08-25	24
375	2023	8	14000.00	1680.00	12320.00	2023-08-25	25
376	2023	8	11000.00	1320.00	9680.00	2023-08-25	26
377	2023	8	54000.00	6480.00	47520.00	2023-08-25	27
378	2023	8	45000.00	5400.00	39600.00	2023-08-25	28
379	2023	8	14000.00	1680.00	12320.00	2023-08-25	29
380	2023	8	14000.00	1680.00	12320.00	2023-08-25	30
381	2023	8	24000.00	2880.00	21120.00	2023-08-25	31
382	2023	8	12000.00	1440.00	10560.00	2023-08-25	32
383	2023	8	15000.00	1800.00	13200.00	2023-08-25	33
384	2023	8	12000.00	1440.00	10560.00	2023-08-25	34
385	2023	8	26000.00	3120.00	22880.00	2023-08-25	35
386	2023	8	21000.00	2520.00	18480.00	2023-08-25	36
387	2023	8	35000.00	4200.00	30800.00	2023-08-25	37
388	2023	8	11000.00	1320.00	9680.00	2023-08-25	38
389	2023	8	20000.00	2400.00	17600.00	2023-08-25	39
390	2023	8	13000.00	1560.00	11440.00	2023-08-25	40
391	2023	8	25000.00	3000.00	22000.00	2023-08-25	41
392	2023	8	22000.00	2640.00	19360.00	2023-08-25	42
393	2023	8	45000.00	5400.00	39600.00	2023-08-25	43
394	2023	8	42000.00	5040.00	36960.00	2023-08-25	44
395	2023	8	20500.00	2460.00	18040.00	2023-08-25	45
396	2023	8	14500.00	1740.00	12760.00	2023-08-25	46
397	2023	8	15000.00	1800.00	13200.00	2023-08-25	47
398	2023	8	13500.00	1620.00	11880.00	2023-08-25	48
399	2023	8	13000.00	1560.00	11440.00	2023-08-25	49
400	2023	8	13000.00	1560.00	11440.00	2023-08-25	50
401	2023	9	90000.00	10800.00	79200.00	2023-09-25	1
402	2023	9	32000.00	3840.00	28160.00	2023-09-25	2
403	2023	9	88000.00	10560.00	77440.00	2023-09-25	3
404	2023	9	52000.00	6240.00	45760.00	2023-09-25	4
405	2023	9	15000.00	1800.00	13200.00	2023-09-25	5
406	2023	9	82000.00	9840.00	72160.00	2023-09-25	6
407	2023	9	12000.00	1440.00	10560.00	2023-09-25	7
408	2023	9	12500.00	1500.00	11000.00	2023-09-25	8
409	2023	9	58000.00	6960.00	51040.00	2023-09-25	9
410	2023	9	23000.00	2760.00	20240.00	2023-09-25	10
411	2023	9	57000.00	6840.00	50160.00	2023-09-25	11
412	2023	9	12000.00	1440.00	10560.00	2023-09-25	12
413	2023	9	12000.00	1440.00	10560.00	2023-09-25	13
414	2023	9	42000.00	5040.00	36960.00	2023-09-25	14
415	2023	9	12000.00	1440.00	10560.00	2023-09-25	15
416	2023	9	8000.00	960.00	7040.00	2023-09-25	16
417	2023	9	20000.00	2400.00	17600.00	2023-09-25	17
418	2023	9	12000.00	1440.00	10560.00	2023-09-25	18
419	2023	9	12000.00	1440.00	10560.00	2023-09-25	19
420	2023	9	50000.00	6000.00	44000.00	2023-09-25	20
421	2023	9	11500.00	1380.00	10120.00	2023-09-25	21
422	2023	9	13000.00	1560.00	11440.00	2023-09-25	22
423	2023	9	21000.00	2520.00	18480.00	2023-09-25	23
424	2023	9	22000.00	2640.00	19360.00	2023-09-25	24
425	2023	9	14000.00	1680.00	12320.00	2023-09-25	25
426	2023	9	11000.00	1320.00	9680.00	2023-09-25	26
427	2023	9	54000.00	6480.00	47520.00	2023-09-25	27
428	2023	9	45000.00	5400.00	39600.00	2023-09-25	28
429	2023	9	14000.00	1680.00	12320.00	2023-09-25	29
430	2023	9	14000.00	1680.00	12320.00	2023-09-25	30
431	2023	9	24000.00	2880.00	21120.00	2023-09-25	31
432	2023	9	12000.00	1440.00	10560.00	2023-09-25	32
433	2023	9	15000.00	1800.00	13200.00	2023-09-25	33
434	2023	9	12000.00	1440.00	10560.00	2023-09-25	34
435	2023	9	26000.00	3120.00	22880.00	2023-09-25	35
436	2023	9	21000.00	2520.00	18480.00	2023-09-25	36
437	2023	9	35000.00	4200.00	30800.00	2023-09-25	37
438	2023	9	11000.00	1320.00	9680.00	2023-09-25	38
439	2023	9	20000.00	2400.00	17600.00	2023-09-25	39
440	2023	9	13000.00	1560.00	11440.00	2023-09-25	40
441	2023	9	25000.00	3000.00	22000.00	2023-09-25	41
442	2023	9	22000.00	2640.00	19360.00	2023-09-25	42
443	2023	9	45000.00	5400.00	39600.00	2023-09-25	43
444	2023	9	42000.00	5040.00	36960.00	2023-09-25	44
445	2023	9	20500.00	2460.00	18040.00	2023-09-25	45
446	2023	9	14500.00	1740.00	12760.00	2023-09-25	46
447	2023	9	15000.00	1800.00	13200.00	2023-09-25	47
448	2023	9	13500.00	1620.00	11880.00	2023-09-25	48
449	2023	9	13000.00	1560.00	11440.00	2023-09-25	49
450	2023	9	13000.00	1560.00	11440.00	2023-09-25	50
451	2023	10	90000.00	10800.00	79200.00	2023-10-25	1
452	2023	10	32000.00	3840.00	28160.00	2023-10-25	2
453	2023	10	88000.00	10560.00	77440.00	2023-10-25	3
454	2023	10	52000.00	6240.00	45760.00	2023-10-25	4
455	2023	10	15000.00	1800.00	13200.00	2023-10-25	5
456	2023	10	82000.00	9840.00	72160.00	2023-10-25	6
457	2023	10	12000.00	1440.00	10560.00	2023-10-25	7
458	2023	10	12500.00	1500.00	11000.00	2023-10-25	8
459	2023	10	58000.00	6960.00	51040.00	2023-10-25	9
460	2023	10	23000.00	2760.00	20240.00	2023-10-25	10
461	2023	10	57000.00	6840.00	50160.00	2023-10-25	11
462	2023	10	12000.00	1440.00	10560.00	2023-10-25	12
463	2023	10	12000.00	1440.00	10560.00	2023-10-25	13
464	2023	10	42000.00	5040.00	36960.00	2023-10-25	14
465	2023	10	12000.00	1440.00	10560.00	2023-10-25	15
466	2023	10	8000.00	960.00	7040.00	2023-10-25	16
467	2023	10	20000.00	2400.00	17600.00	2023-10-25	17
468	2023	10	12000.00	1440.00	10560.00	2023-10-25	18
469	2023	10	12000.00	1440.00	10560.00	2023-10-25	19
470	2023	10	50000.00	6000.00	44000.00	2023-10-25	20
471	2023	10	11500.00	1380.00	10120.00	2023-10-25	21
472	2023	10	13000.00	1560.00	11440.00	2023-10-25	22
473	2023	10	21000.00	2520.00	18480.00	2023-10-25	23
474	2023	10	22000.00	2640.00	19360.00	2023-10-25	24
475	2023	10	14000.00	1680.00	12320.00	2023-10-25	25
476	2023	10	11000.00	1320.00	9680.00	2023-10-25	26
477	2023	10	54000.00	6480.00	47520.00	2023-10-25	27
478	2023	10	45000.00	5400.00	39600.00	2023-10-25	28
479	2023	10	14000.00	1680.00	12320.00	2023-10-25	29
480	2023	10	14000.00	1680.00	12320.00	2023-10-25	30
481	2023	10	24000.00	2880.00	21120.00	2023-10-25	31
482	2023	10	12000.00	1440.00	10560.00	2023-10-25	32
483	2023	10	15000.00	1800.00	13200.00	2023-10-25	33
484	2023	10	12000.00	1440.00	10560.00	2023-10-25	34
485	2023	10	26000.00	3120.00	22880.00	2023-10-25	35
486	2023	10	21000.00	2520.00	18480.00	2023-10-25	36
487	2023	10	35000.00	4200.00	30800.00	2023-10-25	37
488	2023	10	11000.00	1320.00	9680.00	2023-10-25	38
489	2023	10	20000.00	2400.00	17600.00	2023-10-25	39
490	2023	10	13000.00	1560.00	11440.00	2023-10-25	40
491	2023	10	25000.00	3000.00	22000.00	2023-10-25	41
492	2023	10	22000.00	2640.00	19360.00	2023-10-25	42
493	2023	10	45000.00	5400.00	39600.00	2023-10-25	43
494	2023	10	42000.00	5040.00	36960.00	2023-10-25	44
495	2023	10	20500.00	2460.00	18040.00	2023-10-25	45
496	2023	10	14500.00	1740.00	12760.00	2023-10-25	46
497	2023	10	15000.00	1800.00	13200.00	2023-10-25	47
498	2023	10	13500.00	1620.00	11880.00	2023-10-25	48
499	2023	10	13000.00	1560.00	11440.00	2023-10-25	49
500	2023	10	13000.00	1560.00	11440.00	2023-10-25	50
501	2023	11	90000.00	10800.00	79200.00	2023-11-25	1
502	2023	11	32000.00	3840.00	28160.00	2023-11-25	2
503	2023	11	88000.00	10560.00	77440.00	2023-11-25	3
504	2023	11	52000.00	6240.00	45760.00	2023-11-25	4
505	2023	11	15000.00	1800.00	13200.00	2023-11-25	5
506	2023	11	82000.00	9840.00	72160.00	2023-11-25	6
507	2023	11	12000.00	1440.00	10560.00	2023-11-25	7
508	2023	11	12500.00	1500.00	11000.00	2023-11-25	8
509	2023	11	58000.00	6960.00	51040.00	2023-11-25	9
510	2023	11	23000.00	2760.00	20240.00	2023-11-25	10
511	2023	11	57000.00	6840.00	50160.00	2023-11-25	11
512	2023	11	12000.00	1440.00	10560.00	2023-11-25	12
513	2023	11	12000.00	1440.00	10560.00	2023-11-25	13
514	2023	11	42000.00	5040.00	36960.00	2023-11-25	14
515	2023	11	12000.00	1440.00	10560.00	2023-11-25	15
516	2023	11	8000.00	960.00	7040.00	2023-11-25	16
517	2023	11	20000.00	2400.00	17600.00	2023-11-25	17
518	2023	11	12000.00	1440.00	10560.00	2023-11-25	18
519	2023	11	12000.00	1440.00	10560.00	2023-11-25	19
520	2023	11	50000.00	6000.00	44000.00	2023-11-25	20
521	2023	11	11500.00	1380.00	10120.00	2023-11-25	21
522	2023	11	13000.00	1560.00	11440.00	2023-11-25	22
523	2023	11	21000.00	2520.00	18480.00	2023-11-25	23
524	2023	11	22000.00	2640.00	19360.00	2023-11-25	24
525	2023	11	14000.00	1680.00	12320.00	2023-11-25	25
526	2023	11	11000.00	1320.00	9680.00	2023-11-25	26
527	2023	11	54000.00	6480.00	47520.00	2023-11-25	27
528	2023	11	45000.00	5400.00	39600.00	2023-11-25	28
529	2023	11	14000.00	1680.00	12320.00	2023-11-25	29
530	2023	11	14000.00	1680.00	12320.00	2023-11-25	30
531	2023	11	24000.00	2880.00	21120.00	2023-11-25	31
532	2023	11	12000.00	1440.00	10560.00	2023-11-25	32
533	2023	11	15000.00	1800.00	13200.00	2023-11-25	33
534	2023	11	12000.00	1440.00	10560.00	2023-11-25	34
535	2023	11	26000.00	3120.00	22880.00	2023-11-25	35
536	2023	11	21000.00	2520.00	18480.00	2023-11-25	36
537	2023	11	35000.00	4200.00	30800.00	2023-11-25	37
538	2023	11	11000.00	1320.00	9680.00	2023-11-25	38
539	2023	11	20000.00	2400.00	17600.00	2023-11-25	39
540	2023	11	13000.00	1560.00	11440.00	2023-11-25	40
541	2023	11	25000.00	3000.00	22000.00	2023-11-25	41
542	2023	11	22000.00	2640.00	19360.00	2023-11-25	42
543	2023	11	45000.00	5400.00	39600.00	2023-11-25	43
544	2023	11	42000.00	5040.00	36960.00	2023-11-25	44
545	2023	11	20500.00	2460.00	18040.00	2023-11-25	45
546	2023	11	14500.00	1740.00	12760.00	2023-11-25	46
547	2023	11	15000.00	1800.00	13200.00	2023-11-25	47
548	2023	11	13500.00	1620.00	11880.00	2023-11-25	48
549	2023	11	13000.00	1560.00	11440.00	2023-11-25	49
550	2023	11	13000.00	1560.00	11440.00	2023-11-25	50
552	2023	12	32000.00	3840.00	28160.00	2023-12-25	2
553	2023	12	88000.00	10560.00	77440.00	2023-12-25	3
554	2023	12	52000.00	6240.00	45760.00	2023-12-25	4
555	2023	12	15000.00	1800.00	13200.00	2023-12-25	5
556	2023	12	82000.00	9840.00	72160.00	2023-12-25	6
557	2023	12	12000.00	1440.00	10560.00	2023-12-25	7
558	2023	12	12500.00	1500.00	11000.00	2023-12-25	8
559	2023	12	58000.00	6960.00	51040.00	2023-12-25	9
560	2023	12	23000.00	2760.00	20240.00	2023-12-25	10
561	2023	12	57000.00	6840.00	50160.00	2023-12-25	11
562	2023	12	12000.00	1440.00	10560.00	2023-12-25	12
563	2023	12	12000.00	1440.00	10560.00	2023-12-25	13
564	2023	12	42000.00	5040.00	36960.00	2023-12-25	14
565	2023	12	12000.00	1440.00	10560.00	2023-12-25	15
566	2023	12	8000.00	960.00	7040.00	2023-12-25	16
567	2023	12	20000.00	2400.00	17600.00	2023-12-25	17
568	2023	12	12000.00	1440.00	10560.00	2023-12-25	18
569	2023	12	12000.00	1440.00	10560.00	2023-12-25	19
570	2023	12	50000.00	6000.00	44000.00	2023-12-25	20
571	2023	12	11500.00	1380.00	10120.00	2023-12-25	21
572	2023	12	13000.00	1560.00	11440.00	2023-12-25	22
573	2023	12	21000.00	2520.00	18480.00	2023-12-25	23
574	2023	12	22000.00	2640.00	19360.00	2023-12-25	24
575	2023	12	14000.00	1680.00	12320.00	2023-12-25	25
576	2023	12	11000.00	1320.00	9680.00	2023-12-25	26
577	2023	12	54000.00	6480.00	47520.00	2023-12-25	27
578	2023	12	45000.00	5400.00	39600.00	2023-12-25	28
579	2023	12	14000.00	1680.00	12320.00	2023-12-25	29
580	2023	12	14000.00	1680.00	12320.00	2023-12-25	30
581	2023	12	24000.00	2880.00	21120.00	2023-12-25	31
582	2023	12	12000.00	1440.00	10560.00	2023-12-25	32
583	2023	12	15000.00	1800.00	13200.00	2023-12-25	33
584	2023	12	12000.00	1440.00	10560.00	2023-12-25	34
585	2023	12	26000.00	3120.00	22880.00	2023-12-25	35
586	2023	12	21000.00	2520.00	18480.00	2023-12-25	36
587	2023	12	35000.00	4200.00	30800.00	2023-12-25	37
588	2023	12	11000.00	1320.00	9680.00	2023-12-25	38
589	2023	12	20000.00	2400.00	17600.00	2023-12-25	39
590	2023	12	13000.00	1560.00	11440.00	2023-12-25	40
591	2023	12	25000.00	3000.00	22000.00	2023-12-25	41
592	2023	12	22000.00	2640.00	19360.00	2023-12-25	42
593	2023	12	45000.00	5400.00	39600.00	2023-12-25	43
594	2023	12	42000.00	5040.00	36960.00	2023-12-25	44
595	2023	12	20500.00	2460.00	18040.00	2023-12-25	45
596	2023	12	14500.00	1740.00	12760.00	2023-12-25	46
597	2023	12	15000.00	1800.00	13200.00	2023-12-25	47
598	2023	12	13500.00	1620.00	11880.00	2023-12-25	48
599	2023	12	13000.00	1560.00	11440.00	2023-12-25	49
600	2023	12	13000.00	1560.00	11440.00	2023-12-25	50
551	2023	12	90000.00	10800.00	79700.00	2023-12-25	1
\.


--
-- Data for Name: funcionario_habilidades; Type: TABLE DATA; Schema: public; Owner: neondb_owner
--

COPY public.funcionario_habilidades (id, funcionario_id, habilidade_id, proficiencia, origem) FROM stdin;
8	1	1	95	TECNOLOGIA
9	1	2	92	TECNOLOGIA
10	3	3	90	TREINAMENTO
11	3	4	88	TREINAMENTO
12	5	17	85	EXPERIMENTO
13	5	5	88	EXPERIMENTO
14	7	6	95	ALIEN
15	7	7	92	ALIEN
16	7	14	90	ALIEN
17	29	15	90	TREINAMENTO
18	31	6	93	EXPERIMENTO
19	33	9	98	EXPERIMENTO
20	32	6	92	MISTICO
21	27	16	94	TECNOLOGIA
22	41	19	92	MISTICO
23	42	10	95	MISTICO
24	42	11	92	MISTICO
25	40	13	93	MISTICO
26	36	20	96	ALIEN
27	39	18	95	MISTICO
\.


--
-- Data for Name: funcionarios; Type: TABLE DATA; Schema: public; Owner: neondb_owner
--

COPY public.funcionarios (id, nome_completo, cpf, data_nascimento, email, telefone, salario, data_admissao, ativo, cargo_id, departamento_id, foto_perfil_url, estado_civil, pais_nascimento, cidade_nascimento) FROM stdin;
2	Pepper Potts	10000000002	1972-04-12	pepper.potts@starkindustries.com	+55 11 90000-0002	32000	2011-03-15	t	9	3	https://api.dicebear.com/7.x/adventurer/png?seed=pepper.potts%40starkindustries.com&size=256&backgroundType=gradientLinear	CASADO	Estados Unidos	Nova York
3	Bruce Wayne	10000000003	1975-02-19	bruce.wayne@wayneenterprises.com	+55 11 90000-0003	88000	2010-01-10	t	1	5	https://api.dicebear.com/7.x/adventurer/png?seed=bruce.wayne%40wayneenterprises.com&size=256&backgroundType=gradientLinear	SOLTEIRO	Estados Unidos	Gotham
4	Lucius Fox	10000000004	1965-08-14	lucius.fox@wayneenterprises.com	+55 11 90000-0004	52000	2012-06-20	t	2	4	https://api.dicebear.com/7.x/adventurer/png?seed=lucius.fox%40wayneenterprises.com&size=256&backgroundType=gradientLinear	CASADO	Estados Unidos	Gotham
5	Peter Parker	10000000005	1995-08-10	peter.parker@oscorp.com	+55 11 90000-0005	15000	2018-09-01	t	4	7	https://api.dicebear.com/7.x/adventurer/png?seed=peter.parker%40oscorp.com&size=256&backgroundType=gradientLinear	SOLTEIRO	Estados Unidos	Nova York
1	Tony Stark	10000000001	1970-05-29	tony.stark@starkindustries.com	+55 11 90000-0001	95000	2010-02-01	t	2	1	https://api.dicebear.com/7.x/adventurer/png?seed=tony.stark%40starkindustries.com&size=256&backgroundType=gradientLinear	CASADO	Estados Unidos	Nova York
6	Norman Osborn	10000000006	1963-01-15	norman.osborn@oscorp.com	+55 11 90000-0006	82000	2010-07-01	t	1	6	https://api.dicebear.com/7.x/adventurer/png?seed=norman.osborn%40oscorp.com&size=256&backgroundType=gradientLinear	DIVORCIADO	Estados Unidos	Nova York
7	Clark Kent	10000000007	1978-06-18	clark.kent@dailyplanet.com	+55 11 90000-0007	12000	2015-04-01	t	6	8	https://api.dicebear.com/7.x/adventurer/png?seed=clark.kent%40dailyplanet.com&size=256&backgroundType=gradientLinear	CASADO	Estados Unidos	Smallville
8	Lois Lane	10000000008	1979-08-11	lois.lane@dailyplanet.com	+55 11 90000-0008	12500	2014-09-01	t	6	8	https://api.dicebear.com/7.x/adventurer/png?seed=lois.lane%40dailyplanet.com&size=256&backgroundType=gradientLinear	CASADO	Estados Unidos	Metrópolis
9	James T. Kirk	10000000009	1962-03-22	james.kirk@starfleet.ufp	+55 11 90000-0009	58000	2012-01-05	t	14	11	https://api.dicebear.com/7.x/adventurer/png?seed=james.kirk%40starfleet.ufp&size=256&backgroundType=gradientLinear	SOLTEIRO	Estados Unidos	Riverside
10	Spock	10000000010	1966-01-06	spock@starfleet.ufp	+55 11 90000-0010	23000	2013-07-11	t	5	10	https://api.dicebear.com/7.x/adventurer/png?seed=spock%40starfleet.ufp&size=256&backgroundType=gradientLinear	SOLTEIRO	Vulcano	Shikahr
11	Jean-Luc Picard	10000000011	1960-07-13	jeanluc.picard@starfleet.ufp	+55 11 90000-0011	57000	2011-05-21	t	14	11	https://api.dicebear.com/7.x/adventurer/png?seed=jeanluc.picard%40starfleet.ufp&size=256&backgroundType=gradientLinear	SOLTEIRO	França	La Barre
12	Data Soong	10000000012	1970-02-02	data.soong@starfleet.ufp	+55 11 90000-0012	12000	2013-05-22	t	13	11	https://api.dicebear.com/7.x/adventurer/png?seed=data.soong%40starfleet.ufp&size=256&backgroundType=gradientLinear	SOLTEIRO	Federação	Omicron Theta
13	Jill Valentine	10000000013	1980-02-14	jill.valentine@umbrella-corp.com	+55 11 90000-0013	12000	2016-07-10	t	8	13	https://api.dicebear.com/7.x/adventurer/png?seed=jill.valentine%40umbrella-corp.com&size=256&backgroundType=gradientLinear	SOLTEIRO	Estados Unidos	Raccoon City
14	Albert Wesker	10000000014	1971-07-18	albert.wesker@umbrella-corp.com	+55 11 90000-0014	42000	2012-11-05	t	15	12	https://api.dicebear.com/7.x/adventurer/png?seed=albert.wesker%40umbrella-corp.com&size=256&backgroundType=gradientLinear	DIVORCIADO	Estados Unidos	Raccoon City
15	Leon Kennedy	10000000015	1981-03-17	leon.kennedy@umbrella-corp.com	+55 11 90000-0015	12000	2017-08-09	t	8	13	https://api.dicebear.com/7.x/adventurer/png?seed=leon.kennedy%40umbrella-corp.com&size=256&backgroundType=gradientLinear	SOLTEIRO	Estados Unidos	Raccoon City
16	Claire Redfield	10000000016	1979-02-03	claire.redfield@umbrella-corp.com	+55 11 90000-0016	8000	2016-03-02	t	12	12	https://api.dicebear.com/7.x/adventurer/png?seed=claire.redfield%40umbrella-corp.com&size=256&backgroundType=gradientLinear	SOLTEIRO	Estados Unidos	Raccoon City
17	Ellen Ripley	10000000017	1975-01-07	ellen.ripley@weyland-yutani.com	+55 11 90000-0017	20000	2014-02-25	t	7	14	https://api.dicebear.com/7.x/adventurer/png?seed=ellen.ripley%40weyland-yutani.com&size=256&backgroundType=gradientLinear	DIVORCIADO	Estados Unidos	Oakland
18	Dwayne Hicks	10000000018	1972-09-09	dwayne.hicks@weyland-yutani.com	+55 11 90000-0018	12000	2014-02-25	t	8	14	https://api.dicebear.com/7.x/adventurer/png?seed=dwayne.hicks%40weyland-yutani.com&size=256&backgroundType=gradientLinear	CASADO	Estados Unidos	Fort Worth
19	Sarah Connor	10000000019	1965-11-13	sarah.connor@cyberdyne.com	+55 11 90000-0019	12000	2013-08-30	t	8	16	https://api.dicebear.com/7.x/adventurer/png?seed=sarah.connor%40cyberdyne.com&size=256&backgroundType=gradientLinear	DIVORCIADO	Estados Unidos	Los Angeles
20	Miles Dyson	10000000020	1963-02-24	miles.dyson@cyberdyne.com	+55 11 90000-0020	50000	2011-01-12	t	2	16	https://api.dicebear.com/7.x/adventurer/png?seed=miles.dyson%40cyberdyne.com&size=256&backgroundType=gradientLinear	CASADO	Estados Unidos	Los Angeles
21	Kyle Reese	10000000021	1970-06-06	kyle.reese@cyberdyne.com	+55 11 90000-0021	11500	2015-06-10	t	8	16	https://api.dicebear.com/7.x/adventurer/png?seed=kyle.reese%40cyberdyne.com&size=256&backgroundType=gradientLinear	SOLTEIRO	Estados Unidos	Los Angeles
22	Rick Deckard	10000000022	1968-12-01	rick.deckard@tyrellcorp.com	+55 11 90000-0022	13000	2012-10-01	t	8	19	https://api.dicebear.com/7.x/adventurer/png?seed=rick.deckard%40tyrellcorp.com&size=256&backgroundType=gradientLinear	DIVORCIADO	Estados Unidos	Los Angeles
23	Rachael Tyrell	10000000023	1971-05-20	rachael.tyrell@tyrellcorp.com	+55 11 90000-0023	21000	2013-04-04	t	5	18	https://api.dicebear.com/7.x/adventurer/png?seed=rachael.tyrell%40tyrellcorp.com&size=256&backgroundType=gradientLinear	SOLTEIRO	Estados Unidos	Los Angeles
24	Gordon Freeman	10000000024	1971-05-19	gordon.freeman@blackmesa.com	+55 11 90000-0024	22000	2016-05-24	t	5	22	https://api.dicebear.com/7.x/adventurer/png?seed=gordon.freeman%40blackmesa.com&size=256&backgroundType=gradientLinear	SOLTEIRO	Estados Unidos	Seattle
25	Alyx Vance	10000000025	1985-03-22	alyx.vance@blackmesa.com	+55 11 90000-0025	14000	2019-10-30	t	11	22	https://api.dicebear.com/7.x/adventurer/png?seed=alyx.vance%40blackmesa.com&size=256&backgroundType=gradientLinear	SOLTEIRO	Estados Unidos	Seattle
26	Chell Johnson	10000000026	1988-04-30	chell.johnson@aperturescience.com	+55 11 90000-0026	11000	2020-02-14	t	13	24	https://api.dicebear.com/7.x/adventurer/png?seed=chell.johnson%40aperturescience.com&size=256&backgroundType=gradientLinear	SOLTEIRO	Estados Unidos	Aperture City
27	T'Challa	10000000027	1977-11-28	tchalla@capsulecorp.co	+55 11 90000-0027	54000	2013-07-07	t	2	20	https://api.dicebear.com/7.x/adventurer/png?seed=tchalla%40capsulecorp.co&size=256&backgroundType=gradientLinear	SOLTEIRO	Wakanda	Birnin Zana
28	Shuri	10000000028	1994-10-13	shuri@capsulecorp.co	+55 11 90000-0028	45000	2021-05-16	t	15	20	https://api.dicebear.com/7.x/adventurer/png?seed=shuri%40capsulecorp.co&size=256&backgroundType=gradientLinear	SOLTEIRO	Wakanda	Birnin Zana
29	Steve Rogers	10000000029	1969-07-04	steve.rogers@starkindustries.com	+55 11 90000-0029	14000	2012-09-20	t	8	2	https://api.dicebear.com/7.x/adventurer/png?seed=steve.rogers%40starkindustries.com&size=256&backgroundType=gradientLinear	SOLTEIRO	Estados Unidos	Brooklyn
30	Natasha Romanoff	10000000030	1984-11-22	natasha.romanoff@blackmesa.com	+55 11 90000-0030	14000	2018-12-01	t	8	23	https://api.dicebear.com/7.x/adventurer/png?seed=natasha.romanoff%40blackmesa.com&size=256&backgroundType=gradientLinear	SOLTEIRO	Rússia	Volgogrado
31	Bruce Banner	10000000031	1969-12-18	bruce.banner@starkindustries.com	+55 11 90000-0031	24000	2011-08-08	t	5	1	https://api.dicebear.com/7.x/adventurer/png?seed=bruce.banner%40starkindustries.com&size=256&backgroundType=gradientLinear	SOLTEIRO	Estados Unidos	Dayton
32	Diana Prince	10000000032	1976-03-10	diana.prince@wayneenterprises.com	+55 11 90000-0032	12000	2015-03-03	t	10	5	https://api.dicebear.com/7.x/adventurer/png?seed=diana.prince%40wayneenterprises.com&size=256&backgroundType=gradientLinear	SOLTEIRO	Themyscira	Themyscira
33	Barry Allen	10000000033	1992-09-30	barry.allen@wayneenterprises.com	+55 11 90000-0033	15000	2019-04-12	t	4	4	https://api.dicebear.com/7.x/adventurer/png?seed=barry.allen%40wayneenterprises.com&size=256&backgroundType=gradientLinear	CASADO	Estados Unidos	Central City
34	Arthur Curry	10000000034	1985-01-29	arthur.curry@tyrellcorp.com	+55 11 90000-0034	12000	2020-06-18	t	13	19	https://api.dicebear.com/7.x/adventurer/png?seed=arthur.curry%40tyrellcorp.com&size=256&backgroundType=gradientLinear	UNIAO_ESTAVEL	Atlântida	Poseidonis
35	Victor Stone	10000000035	1989-06-29	victor.stone@wayneenterprises.com	+55 11 90000-0035	26000	2020-09-01	t	3	4	https://api.dicebear.com/7.x/adventurer/png?seed=victor.stone%40wayneenterprises.com&size=256&backgroundType=gradientLinear	SOLTEIRO	Estados Unidos	Detroit
36	Carol Danvers	10000000036	1978-10-15	carol.danvers@starfleet.ufp	+55 11 90000-0036	21000	2017-01-01	t	7	10	https://api.dicebear.com/7.x/adventurer/png?seed=carol.danvers%40starfleet.ufp&size=256&backgroundType=gradientLinear	SOLTEIRO	Estados Unidos	Boston
37	Nick Fury	10000000037	1960-12-21	nick.fury@tyrellcorp.com	+55 11 90000-0037	35000	2010-10-10	t	9	19	https://api.dicebear.com/7.x/adventurer/png?seed=nick.fury%40tyrellcorp.com&size=256&backgroundType=gradientLinear	DIVORCIADO	Estados Unidos	Huntsville
38	Phil Coulson	10000000038	1972-07-08	phil.coulson@dailyplanet.com	+55 11 90000-0038	11000	2013-12-12	t	10	9	https://api.dicebear.com/7.x/adventurer/png?seed=phil.coulson%40dailyplanet.com&size=256&backgroundType=gradientLinear	CASADO	Estados Unidos	Providence
39	Hal Jordan	10000000039	1975-01-24	hal.jordan@starfleet.ufp	+55 11 90000-0039	20000	2015-05-05	t	7	10	https://api.dicebear.com/7.x/adventurer/png?seed=hal.jordan%40starfleet.ufp&size=256&backgroundType=gradientLinear	SOLTEIRO	Estados Unidos	Coast City
40	Ororo Munroe	10000000040	1984-05-30	ororo.munroe@capsulecorp.co	+55 11 90000-0040	13000	2020-05-20	t	11	21	https://api.dicebear.com/7.x/adventurer/png?seed=ororo.munroe%40capsulecorp.co&size=256&backgroundType=gradientLinear	DIVORCIADO	Quênia	Nairobi
41	Scott Summers	10000000041	1983-07-28	scott.summers@capsulecorp.co	+55 11 90000-0041	25000	2019-03-11	t	3	21	https://api.dicebear.com/7.x/adventurer/png?seed=scott.summers%40capsulecorp.co&size=256&backgroundType=gradientLinear	CASADO	Estados Unidos	Anchorage
42	Jean Grey	10000000042	1985-11-25	jean.grey@oscorp.com	+55 11 90000-0042	22000	2018-01-01	t	5	6	https://api.dicebear.com/7.x/adventurer/png?seed=jean.grey%40oscorp.com&size=256&backgroundType=gradientLinear	CASADO	Estados Unidos	Annandale-on-Hudson
43	Charles Xavier	10000000043	1961-02-02	charles.xavier@tyrellcorp.com	+55 11 90000-0043	45000	2010-03-15	t	15	18	https://api.dicebear.com/7.x/adventurer/png?seed=charles.xavier%40tyrellcorp.com&size=256&backgroundType=gradientLinear	DIVORCIADO	Estados Unidos	Nova York
44	Erik Lehnsherr	10000000044	1962-05-30	erik.lehnsherr@oscorp.com	+55 11 90000-0044	42000	2011-06-06	t	15	6	https://api.dicebear.com/7.x/adventurer/png?seed=erik.lehnsherr%40oscorp.com&size=256&backgroundType=gradientLinear	VIUVO	Alemanha	Dusseldorf
45	Peter Quill	10000000045	1980-06-21	peter.quill@starfleet.ufp	+55 11 90000-0045	20500	2017-07-07	t	7	10	https://api.dicebear.com/7.x/adventurer/png?seed=peter.quill%40starfleet.ufp&size=256&backgroundType=gradientLinear	SOLTEIRO	Estados Unidos	St Charles
46	Gamora Zen	10000000046	1988-03-15	gamora.zen@weyland-yutani.com	+55 11 90000-0046	14500	2021-01-10	t	11	14	https://api.dicebear.com/7.x/adventurer/png?seed=gamora.zen%40weyland-yutani.com&size=256&backgroundType=gradientLinear	SOLTEIRO	Zen-Whoberi	Zen Prime
47	James Rhodes	10000000047	1968-10-06	james.rhodes@starkindustries.com	+55 11 90000-0047	15000	2012-03-03	t	11	2	https://api.dicebear.com/7.x/adventurer/png?seed=james.rhodes%40starkindustries.com&size=256&backgroundType=gradientLinear	CASADO	Estados Unidos	Philadelphia
48	Sam Wilson	10000000048	1978-09-23	sam.wilson@oscorp.com	+55 11 90000-0048	13500	2016-09-01	t	11	7	https://api.dicebear.com/7.x/adventurer/png?seed=sam.wilson%40oscorp.com&size=256&backgroundType=gradientLinear	CASADO	Estados Unidos	Nova Orleans
49	Bucky Barnes	10000000049	1975-03-10	bucky.barnes@cyberdyne.com	+55 11 90000-0049	13000	2018-07-15	t	11	17	https://api.dicebear.com/7.x/adventurer/png?seed=bucky.barnes%40cyberdyne.com&size=256&backgroundType=gradientLinear	SOLTEIRO	Estados Unidos	Shelbyville
50	Maria Hill	10000000050	1982-10-19	maria.hill@starkindustries.com	+55 11 90000-0050	13000	2018-04-22	t	8	2	https://api.dicebear.com/7.x/adventurer/png?seed=maria.hill%40starkindustries.com&size=256&backgroundType=gradientLinear	SOLTEIRO	Estados Unidos	Chicago
\.


--
-- Data for Name: habilidades; Type: TABLE DATA; Schema: public; Owner: neondb_owner
--

COPY public.habilidades (id, nome, categoria, descricao, nivel_poder) FROM stdin;
1	Gênio Inventor	TECNOLOGICA	Engenharia e I&D em alto nível	8
2	Poderes de Armadura	TECNOLOGICA	Propulsão, armas e HUD	8
3	Artes Marciais	FISICA	Treinamento de combate corpo-a-corpo	6
4	Detective Master	MENTAL	Investigação e estratégia	7
5	Sentido Aranha	ALIEN	Percepção de perigo aumentada	7
6	Força Sobre-Humana	FISICA	Capacidade física muito acima do normal	9
7	Voo	ALIEN	Capacidade de voar	8
8	Regeneração	BIOQUIMICA	Recuperação acelerada	7
9	Velocidade Extrema	ALIEN	Corrida em velocidades supersônicas	9
10	Telepatia	MISTICA	Leitura/controle mental	9
11	Telecinese	MISTICA	Mover objetos com a mente	9
12	Projeção de Energia	MISTICA	Raios/energia cinética/óptica	8
13	Controle do Clima	MISTICA	Vento, chuva, raios	8
14	Visão de Calor	ALIEN	Emissão de feixes de calor	8
15	Liderança Tática	MENTAL	Comando e formação de equipe	7
16	Vibranium Suit	TECNOLOGICA	Traje avançado em vibranium	8
17	Lançador de Teia	TECNOLOGICA	Dispositivo de teia sintética	6
18	Anel do Poder	MISTICA	Construtos de energia do anel	9
19	Controle Óptico	MISTICA	Rajada óptica controlada	8
20	Poder Cósmico	ALIEN	Energia cósmica/Photon	9
\.


--
-- Data for Name: historicos_cargos; Type: TABLE DATA; Schema: public; Owner: neondb_owner
--

COPY public.historicos_cargos (id, funcionario_id, cargo_id, data_inicio, data_fim, observacoes) FROM stdin;
1	20	2	2011-01-12	\N	Cargo inicial
2	25	11	2019-10-30	\N	Cargo inicial
3	26	13	2020-02-14	\N	Cargo inicial
4	27	2	2013-07-07	\N	Cargo inicial
5	11	14	2011-05-21	\N	Cargo inicial
6	39	7	2015-05-05	\N	Cargo inicial
7	17	7	2014-02-25	\N	Cargo inicial
8	33	4	2019-04-12	\N	Cargo inicial
9	31	5	2011-08-08	\N	Cargo inicial
10	34	13	2020-06-18	\N	Cargo inicial
11	12	13	2013-05-22	\N	Cargo inicial
12	10	5	2013-07-11	\N	Cargo inicial
13	18	8	2014-02-25	\N	Cargo inicial
14	2	9	2011-03-15	\N	Cargo inicial
15	47	11	2012-03-03	\N	Cargo inicial
16	46	11	2021-01-10	\N	Cargo inicial
17	15	8	2017-08-09	\N	Cargo inicial
18	40	11	2020-05-20	\N	Cargo inicial
19	13	8	2016-07-10	\N	Cargo inicial
20	21	8	2015-06-10	\N	Cargo inicial
21	5	4	2018-09-01	\N	Cargo inicial
22	19	8	2013-08-30	\N	Cargo inicial
23	37	9	2010-10-10	\N	Cargo inicial
24	32	10	2015-03-03	\N	Cargo inicial
25	24	5	2016-05-24	\N	Cargo inicial
26	38	10	2013-12-12	\N	Cargo inicial
27	8	6	2014-09-01	\N	Cargo inicial
28	48	11	2016-09-01	\N	Cargo inicial
29	28	15	2021-05-16	\N	Cargo inicial
30	30	8	2018-12-01	\N	Cargo inicial
31	50	8	2018-04-22	\N	Cargo inicial
32	42	5	2018-01-01	\N	Cargo inicial
33	6	1	2010-07-01	\N	Cargo inicial
34	29	8	2012-09-20	\N	Cargo inicial
35	41	3	2019-03-11	\N	Cargo inicial
36	16	12	2016-03-02	\N	Cargo inicial
37	36	7	2017-01-01	\N	Cargo inicial
38	4	2	2012-06-20	\N	Cargo inicial
39	23	5	2013-04-04	\N	Cargo inicial
40	44	15	2011-06-06	\N	Cargo inicial
42	49	11	2018-07-15	\N	Cargo inicial
43	22	8	2012-10-01	\N	Cargo inicial
44	45	7	2017-07-07	\N	Cargo inicial
45	43	15	2010-03-15	\N	Cargo inicial
46	3	1	2010-01-10	\N	Cargo inicial
47	14	15	2012-11-05	\N	Cargo inicial
48	35	3	2020-09-01	\N	Cargo inicial
49	9	14	2012-01-05	\N	Cargo inicial
50	7	6	2015-04-01	\N	Cargo inicial
41	1	1	2010-02-01	2025-10-02	Cargo inicial
51	1	2	2025-10-02	\N	Mudança de cargo
\.


--
-- Data for Name: historicos_salariais; Type: TABLE DATA; Schema: public; Owner: neondb_owner
--

COPY public.historicos_salariais (id, funcionario_id, salario, data_inicio, data_fim, motivo) FROM stdin;
1	20	50000.00	2011-01-12	\N	Salário de admissão
2	25	14000.00	2019-10-30	\N	Salário de admissão
3	26	11000.00	2020-02-14	\N	Salário de admissão
4	27	54000.00	2013-07-07	\N	Salário de admissão
5	11	57000.00	2011-05-21	\N	Salário de admissão
6	39	20000.00	2015-05-05	\N	Salário de admissão
7	17	20000.00	2014-02-25	\N	Salário de admissão
8	33	15000.00	2019-04-12	\N	Salário de admissão
9	31	24000.00	2011-08-08	\N	Salário de admissão
10	34	12000.00	2020-06-18	\N	Salário de admissão
11	12	12000.00	2013-05-22	\N	Salário de admissão
12	10	23000.00	2013-07-11	\N	Salário de admissão
13	18	12000.00	2014-02-25	\N	Salário de admissão
14	2	32000.00	2011-03-15	\N	Salário de admissão
15	47	15000.00	2012-03-03	\N	Salário de admissão
16	46	14500.00	2021-01-10	\N	Salário de admissão
17	15	12000.00	2017-08-09	\N	Salário de admissão
18	40	13000.00	2020-05-20	\N	Salário de admissão
19	13	12000.00	2016-07-10	\N	Salário de admissão
20	21	11500.00	2015-06-10	\N	Salário de admissão
21	5	15000.00	2018-09-01	\N	Salário de admissão
22	19	12000.00	2013-08-30	\N	Salário de admissão
23	37	35000.00	2010-10-10	\N	Salário de admissão
24	32	12000.00	2015-03-03	\N	Salário de admissão
25	24	22000.00	2016-05-24	\N	Salário de admissão
26	38	11000.00	2013-12-12	\N	Salário de admissão
27	8	12500.00	2014-09-01	\N	Salário de admissão
28	48	13500.00	2016-09-01	\N	Salário de admissão
29	28	45000.00	2021-05-16	\N	Salário de admissão
30	30	14000.00	2018-12-01	\N	Salário de admissão
31	50	13000.00	2018-04-22	\N	Salário de admissão
32	42	22000.00	2018-01-01	\N	Salário de admissão
33	6	82000.00	2010-07-01	\N	Salário de admissão
34	29	14000.00	2012-09-20	\N	Salário de admissão
35	41	25000.00	2019-03-11	\N	Salário de admissão
36	16	8000.00	2016-03-02	\N	Salário de admissão
37	36	21000.00	2017-01-01	\N	Salário de admissão
38	4	52000.00	2012-06-20	\N	Salário de admissão
39	23	21000.00	2013-04-04	\N	Salário de admissão
40	44	42000.00	2011-06-06	\N	Salário de admissão
42	49	13000.00	2018-07-15	\N	Salário de admissão
43	22	13000.00	2012-10-01	\N	Salário de admissão
44	45	20500.00	2017-07-07	\N	Salário de admissão
45	43	45000.00	2010-03-15	\N	Salário de admissão
46	3	88000.00	2010-01-10	\N	Salário de admissão
47	14	42000.00	2012-11-05	\N	Salário de admissão
48	35	26000.00	2020-09-01	\N	Salário de admissão
49	9	58000.00	2012-01-05	\N	Salário de admissão
50	7	12000.00	2015-04-01	\N	Salário de admissão
41	1	90000.00	2010-02-01	2025-10-02	Salário de admissão
51	1	95000.00	2025-10-02	\N	Ajuste salarial
\.


--
-- Data for Name: identidades_secretas; Type: TABLE DATA; Schema: public; Owner: neondb_owner
--

COPY public.identidades_secretas (id, funcionario_id, codinome, universo, exposicao_publica) FROM stdin;
1	1	Iron Man	Earth-616	f
2	3	Batman	Prime Earth	f
3	5	Spider-Man	Earth-616	f
4	7	Superman	Prime Earth	f
5	29	Captain America	Earth-616	t
6	30	Black Widow	Earth-616	f
7	31	Hulk	Earth-616	f
8	32	Wonder Woman	Prime Earth	t
9	33	The Flash	Prime Earth	t
10	27	Black Panther	Earth-616	t
11	28	Shuri	Earth-616	t
12	47	War Machine	Earth-616	t
13	41	Cyclops	Earth-616	t
14	42	Jean Grey	Earth-616	t
15	40	Storm	Earth-616	t
16	45	Star-Lord	Earth-616	t
17	46	Gamora	Earth-616	t
18	36	Captain Marvel	Earth-616	t
19	34	Aquaman	Prime Earth	t
20	39	Green Lantern	Prime Earth	t
\.


--
-- Data for Name: incidentes; Type: TABLE DATA; Schema: public; Owner: neondb_owner
--

COPY public.incidentes (id, missao_id, descricao, severidade, local, ocorrido_em, danos_civis, feridos, mortos) FROM stdin;
1	1	Danos a prédios no centro	ALTA	Midtown	2025-10-18 14:53:23.431349+00	2500000	23	0
2	1	Explosão controlada	MEDIA	Queens	2025-10-18 17:53:23.431349+00	450000	4	0
3	4	Danos a infraestrutura em Sokovia	ALTA	Novi Grad	2025-10-27 15:00:00+00	1200000	12	0
4	5	Queda de energia em rede crítica	MEDIA	Setor Oeste	2025-10-19 18:00:00+00	200000	0	0
5	5	Explosão em data center	ALTA	Setor Central	2025-10-20 02:00:00+00	1500000	3	0
6	6	Abertura de portal instável	ALTA	City 17	2025-10-28 18:30:00+00	800000	5	0
7	7	Danos leves a pontes	BAIXA	Manhattan	2025-10-20 19:30:00+00	100000	1	0
8	8	Contaminação biológica em setor D	CRITICA	LV-426	2025-11-01 12:30:00+00	5000000	17	2
9	8	Perda de equipamento de mineração	MEDIA	LV-426	2025-11-02 05:00:00+00	350000	0	0
10	10	Colapso de viaduto	ALTA	San Francisco	2025-10-29 15:30:00+00	3000000	9	1
\.

-- Append more incidentes
COPY public.incidentes (id, missao_id, descricao, severidade, local, ocorrido_em, danos_civis, feridos, mortos) FROM stdin;
11	14	Confronto em mercado central	MEDIA	Madripoor	2025-11-02 14:30:00+00	250000	2	0
12	15	Falha em subestação elétrica	ALTA	Washington D.C.	2025-10-30 16:10:00+00	1200000	1	0
13	16	Danos a estruturas rurais	BAIXA	Smallville	2025-11-01 18:30:00+00	80000	0	0
14	18	Vazamento biológico contido	ALTA	Queens	2025-10-21 18:30:00+00	900000	5	0
15	15	Intrusão em órgão federal	ALTA	Washington D.C.	2025-10-31 15:10:00+00	600000	0	0
16	16	Danos a hospital rural	ALTA	Smallville	2025-11-01 19:00:00+00	700000	2	0
\.

-- Append more incidentes (leve)
COPY public.incidentes (id, missao_id, descricao, severidade, local, ocorrido_em, danos_civis, feridos, mortos) FROM stdin;
17	14	Danos leves a docas	BAIXA	Madripoor	2025-11-03 00:30:00+00	50000	0	0
18	17	Escudos perimetrais danificados	BAIXA	Asgard	2025-11-06 21:30:00+00	120000	0	0
\.


--
-- Data for Name: indenizacoes; Type: TABLE DATA; Schema: public; Owner: neondb_owner
--

COPY public.indenizacoes (id, incidente_id, valor, pago, seguradora, processo_num) FROM stdin;
1	1	2500000	f	Stark Risk Fund	NY-2025-0001
2	2	450000	t	SHIELD Liability	NY-2025-0002
3	5	1500000	f	Stark Risk Fund	NY-2025-0003
4	8	5000000	f	Stark Risk Fund	LV-2025-0001
5	10	3000000	f	SHIELD Liability	SF-2025-0001
\.

-- Append more indenizacoes
COPY public.indenizacoes (id, incidente_id, valor, pago, seguradora, processo_num) FROM stdin;
6	12	1200000	f	SHIELD Liability	DC-2025-0001
7	14	900000	f	Stark Risk Fund	NY-2025-0004
8	15	600000	f	SHIELD Liability	DC-2025-0002
9	16	700000	f	Stark Risk Fund	KS-2025-0001
\.

-- Append more indenizacoes (incidentes leves)
COPY public.indenizacoes (id, incidente_id, valor, pago, seguradora, processo_num) FROM stdin;
10	17	50000	f	Stark Risk Fund	MP-2025-0001
11	18	120000	f	SHIELD Liability	AS-2025-0001
\.


--
-- Data for Name: licencas_operacao; Type: TABLE DATA; Schema: public; Owner: neondb_owner
--

COPY public.licencas_operacao (id, acordo_id, funcionario_id, equipe_id, nivel, valido_de, valido_ate) FROM stdin;
8	1	\N	1	NACIONAL	2025-10-18	\N
9	2	\N	3	GLOBAL	2025-10-18	\N
\.


--
-- Data for Name: mencoes_midia; Type: TABLE DATA; Schema: public; Owner: neondb_owner
--

COPY public.mencoes_midia (id, funcionario_id, veiculo, sentimento, url, publicado_em) FROM stdin;
1	7	Daily Planet	POS	https://example.com/dp/superman-salva-o-dia	2025-10-17 20:53:58.811548+00
2	5	Daily Bugle	NEG	https://example.com/db/spiderman-causou-estrago	2025-10-16 20:53:58.811548+00
3	29	NY Times	POS	https://example.com/nyt/capitao-apoia-equipe	2025-10-18 14:53:58.811548+00
4	1	Forbes	NEU	https://example.com/forbes/stark-invests	2025-10-13 20:53:58.811548+00
\.


--
-- Data for Name: missao_eventos; Type: TABLE DATA; Schema: public; Owner: neondb_owner
--

COPY public.missao_eventos (id, missao_id, ocorrido_em, tipo, descricao) FROM stdin;
1	1	2025-10-18 09:41:42.007933+00	CONTATO	Invasores detectados sobre Manhattan
2	1	2025-10-18 12:41:42.007933+00	COMBATE	Engajamento inicial; civis evacuados
3	1	2025-10-18 18:41:42.007933+00	EXTRA	Refôrços a caminho (SHIELD)
4	4	2025-10-27 10:00:00+00	INTEL	Drones detectados próximo ao perímetro
5	4	2025-10-27 14:00:00+00	COMBATE	Intervenção em fábrica de drones
6	5	2025-10-19 10:40:00+00	CONTATO	Atividade anômala em servidores
7	5	2025-10-19 16:30:00+00	COMBATE	Equipe engajada em data center
8	6	2025-10-28 13:30:00+00	INTEL	Abertura de microportais detectada
9	6	2025-10-28 19:00:00+00	COMBATE	Bloqueio de portal instalado
10	7	2025-10-20 08:20:00+00	CONTATO	Objetos voadores não identificados
11	7	2025-10-20 19:00:00+00	COMBATE	Confronto breve sobre a ponte
12	8	2025-11-01 06:30:00+00	INTEL	Assinaturas biológicas críticas
13	8	2025-11-01 11:00:00+00	EXFIL	Primeira leva evacuada
14	9	2025-10-24 09:30:00+00	INTEL	Padrões de patrulha automatizada mapeados
15	9	2025-10-24 16:00:00+00	EXTRA	Relay de comunicação instalado
16	10	2025-10-29 09:20:00+00	CONTATO	Drones próximos ao distrito financeiro
17	10	2025-10-29 15:00:00+00	COMBATE	Intervenção em viaduto
18	11	2025-11-02 08:10:00+00	INTEL	Interferência em comunicações
19	11	2025-11-02 14:00:00+00	COMBATE	Perímetro reforçado
20	12	2025-10-25 20:15:00+00	CONTATO	Reféns localizados
21	12	2025-10-25 23:59:00+00	EXFIL	Equipe de resgate extrai civis
22	13	2025-11-04 02:30:00+00	INTEL	Varredura de frotas em órbita
23	13	2025-11-04 08:00:00+00	EXTRA	Atualização de satélites concluída
\.

-- Append more missao_eventos
COPY public.missao_eventos (id, missao_id, ocorrido_em, tipo, descricao) FROM stdin;
24	14	2025-11-02 09:30:00+00	INTEL	Movimentação suspeita no cais
25	14	2025-11-02 14:00:00+00	COMBATE	Célula neutralizada em armazém
26	15	2025-10-30 08:30:00+00	CONTATO	Backdoors detectados em firewall
27	15	2025-10-30 16:00:00+00	COMBATE	Compromisso em data center federal
28	16	2025-11-01 12:30:00+00	CONTATO	Civis localizados em silo
29	16	2025-11-01 18:00:00+00	EXFIL	Evacuação por corredor seguro
30	17	2025-11-06 04:30:00+00	INTEL	Oscilações na Bifrost registradas
31	17	2025-11-06 10:00:00+00	COMBATE	Perímetro externo repelido
32	18	2025-10-21 12:10:00+00	INTEL	Contaminação confirmada
33	18	2025-10-21 19:00:00+00	EXFIL	Quarentena aplicada e civis retirados
34	14	2025-11-02 18:00:00+00	EXTRA	Material apreendido catalogado
35	14	2025-11-02 22:30:00+00	EXFIL	Equipes retiradas com segurança
36	17	2025-11-06 14:30:00+00	EXTRA	Reforços recebidos
37	17	2025-11-06 20:45:00+00	COMBATE	Última onda contida
38	18	2025-10-21 16:00:00+00	EXTRA	Antídoto distribuído nos setores B e C
39	18	2025-10-21 19:30:00+00	CONTATO	Contaminação residual monitorada
40	15	2025-10-30 20:00:00+00	EXTRA	Credenciais revogadas em massa
41	15	2025-10-31 12:00:00+00	INTEL	Backdoors mitigados e auditados
42	16	2025-11-01 13:15:00+00	COMBATE	Drones neutralizados no setor leste
43	16	2025-11-01 19:40:00+00	EXTRA	Civis em segurança nas zonas A/B
44	14	2025-11-03 01:30:00+00	EXTRA	Perímetro varrido e área liberada
45	17	2025-11-06 22:30:00+00	EXFIL	Retirada ordenada
46	18	2025-10-21 15:30:00+00	INTEL	Amostras analisadas em campo
\.


--
-- Data for Name: missao_participantes; Type: TABLE DATA; Schema: public; Owner: neondb_owner
--

COPY public.missao_participantes (id, missao_id, funcionario_id, papel, resultado) FROM stdin;
1	1	1	LIDER	N/A
2	1	29	COMBATE	N/A
3	1	31	COMBATE	N/A
4	1	36	SUPORTE	N/A
5	1	47	SUPORTE	N/A
6	2	5	LIDER	N/A
7	4	27	LIDER	N/A
8	4	28	SUPORTE	N/A
9	4	1	COMBATE	N/A
10	4	29	COMBATE	N/A
11	5	3	LIDER	N/A
12	5	30	INTEL	N/A
13	5	45	SUPORTE	N/A
14	5	46	COMBATE	N/A
15	6	31	LIDER	N/A
16	6	41	COMBATE	N/A
17	6	40	SUPORTE	N/A
18	7	5	LIDER	N/A
19	7	1	SUPORTE	N/A
20	8	45	LIDER	N/A
21	8	46	SUPORTE	N/A
22	8	31	COMBATE	N/A
23	9	7	LIDER	N/A
24	9	32	SUPORTE	N/A
25	9	39	COMBATE	N/A
26	10	1	LIDER	N/A
27	10	30	INTEL	N/A
28	10	36	SUPORTE	N/A
29	11	32	LIDER	N/A
30	11	34	SUPORTE	N/A
31	11	7	COMBATE	N/A
32	12	3	LIDER	N/A
33	12	33	SUPORTE	N/A
34	12	7	COMBATE	N/A
35	13	36	LIDER	N/A
36	13	47	SUPORTE	N/A
37	13	41	COMBATE	N/A
\.

-- Append more participantes
COPY public.missao_participantes (id, missao_id, funcionario_id, papel, resultado) FROM stdin;
38	14	27	LIDER	N/A
39	14	30	INTEL	N/A
40	14	28	SUPORTE	N/A
41	15	1	LIDER	N/A
42	15	36	COMBATE	N/A
43	15	30	INTEL	N/A
44	16	7	LIDER	N/A
45	16	33	SUPORTE	N/A
46	16	31	COMBATE	N/A
47	17	36	LIDER	N/A
48	17	45	SUPORTE	N/A
49	17	46	COMBATE	N/A
50	18	5	LIDER	N/A
51	18	1	SUPORTE	N/A
52	18	47	COMBATE	N/A
53	14	29	COMBATE	N/A
54	14	33	NEGOCIACAO	N/A
55	17	32	COMBATE	N/A
56	17	34	SUPORTE	N/A
57	18	31	COMBATE	N/A
58	18	30	INTEL	N/A
59	15	29	COMBATE	N/A
60	15	47	SUPORTE	N/A
61	16	32	SUPORTE	N/A
62	16	34	COMBATE	N/A
63	14	41	COMBATE	N/A
64	17	39	COMBATE	N/A
65	18	33	SUPORTE	N/A
\.


--
-- Data for Name: missoes; Type: TABLE DATA; Schema: public; Owner: neondb_owner
--

COPY public.missoes (id, titulo, objetivo, prioridade, status, local, ameaca_id, inicio_prev, fim_prev, inicio_real, fim_real) FROM stdin;
1	Batalha de Nova York	Conter invasão e proteger civis	CRITICA	EM_ANDAMENTO	Nova York	1	2025-10-17 20:41:41.008005+00	2025-10-20 20:41:41.008005+00	2025-10-18 08:41:41.008005+00	\N
2	Ataque do Duende	Impedir ataques em Manhattan	ALTA	PLANEJADA	Manhattan	2	2025-10-20 20:41:41.008005+00	2025-10-22 20:41:41.008005+00	\N	\N
3	Protocolo Ultron	Neutralizar IA hostil	CRITICA	PLANEJADA	Global	3	2025-10-23 20:41:41.008005+00	2025-10-26 20:41:41.008005+00	\N	\N
4	Cerco a Sokovia	Conter drones e proteger civis	CRITICA	PLANEJADA	Sokovia	3	2025-10-27 09:00:00+00	2025-10-27 23:00:00+00	\N	\N
5	Operação Skynet	Interromper expansão da IA	CRITICA	EM_ANDAMENTO	Diversas bases	4	2025-10-19 10:00:00+00	2025-10-21 10:00:00+00	2025-10-19 10:30:00+00	\N
6	Contenção Combine	Bloquear portais e estabilizar a cidade	ALTA	PLANEJADA	City 17	6	2025-10-28 13:00:00+00	2025-10-31 23:59:00+00	\N	\N
7	Patrulha de Manhattan	Monitorar atividades do Duende Verde	MEDIA	EM_ANDAMENTO	Manhattan	2	2025-10-20 08:00:00+00	2025-10-22 20:00:00+00	2025-10-20 08:15:00+00	\N
8	Evacuação de LV-426	Extrair civis e neutralizar ninhos	CRITICA	PLANEJADA	LV-426	5	2025-11-01 06:00:00+00	2025-11-05 06:00:00+00	\N	\N
9	Reconhecimento em Metrópolis	Mapear presença de unidades autônomas	ALTA	PLANEJADA	Metrópolis	4	2025-10-24 09:00:00+00	2025-10-27 18:00:00+00	\N	\N
10	Contenção em San Francisco	Neutralizar drones e proteger civis	ALTA	PLANEJADA	San Francisco	3	2025-10-29 09:00:00+00	2025-10-30 23:00:00+00	\N	\N
11	Defesa de Themyscira	Proteger perímetro e comunicações	ALTA	PLANEJADA	Themyscira	4	2025-11-02 08:00:00+00	2025-11-03 20:00:00+00	\N	\N
12	Resgate em Gotham	Extrair reféns e conter ameaças	ALTA	PLANEJADA	Gotham	2	2025-10-25 20:00:00+00	2025-10-26 06:00:00+00	\N	\N
13	Varredura Orbital	Detectar frotas e reunir inteligência	CRITICA	PLANEJADA	Órbita Terrestre	1	2025-11-04 02:00:00+00	2025-11-04 18:00:00+00	\N	\N
\.

-- Append more missoes
COPY public.missoes (id, titulo, objetivo, prioridade, status, local, ameaca_id, inicio_prev, fim_prev, inicio_real, fim_real) FROM stdin;
14	Operação Madripoor	Desarticular célula criminosa meta-humana	ALTA	PLANEJADA	Madripoor	6	2025-11-02 09:00:00+00	2025-11-03 03:00:00+00	\N	\N
15	Contrainteligência em Washington	Bloquear backdoors de IA	ALTA	EM_ANDAMENTO	Washington D.C.	3	2025-10-30 08:00:00+00	2025-10-31 22:00:00+00	2025-10-30 08:20:00+00	\N
16	Salvamento em Smallville	Resgatar civis após ataque de drones	MEDIA	PLANEJADA	Smallville	4	2025-11-01 12:00:00+00	2025-11-01 20:00:00+00	\N	\N
17	Defesa de Asgard	Proteger Bifrost e evacuar feridos	CRITICA	PLANEJADA	Asgard	1	2025-11-06 04:00:00+00	2025-11-06 23:00:00+00	\N	\N
18	Quarentena em Queens	Conter surto biológico e isolar área	ALTA	CONCLUIDA	Queens	5	2025-10-21 12:00:00+00	2025-10-21 20:00:00+00	2025-10-21 12:05:00+00	2025-10-21 19:40:00+00
\.


--
-- Data for Name: reputacoes; Type: TABLE DATA; Schema: public; Owner: neondb_owner
--

COPY public.reputacoes (id, funcionario_id, score_publico, score_governamental, atualizado_em) FROM stdin;
1	29	92	88	2025-10-18 20:53:53.885053+00
2	1	85	90	2025-10-18 20:53:53.885053+00
3	31	78	70	2025-10-18 20:53:53.885053+00
4	7	95	93	2025-10-18 20:53:53.885053+00
5	27	90	92	2025-10-18 20:53:53.885053+00
6	41	82	80	2025-10-18 20:53:53.885053+00
\.


--
-- Data for Name: sinais_socorro; Type: TABLE DATA; Schema: public; Owner: neondb_owner
--

COPY public.sinais_socorro (id, origem, local, nivel_ameaca, status, aberto_em, fechado_em) FROM stdin;
1	Polícia de Nova York	Manhattan	5	EM_ATENDIMENTO	2025-10-18 08:53:48.316813+00	\N
2	Daily Planet	Metrópolis	4	ABERTO	2025-10-17 20:53:48.316813+00	\N
\.


--
-- Data for Name: veiculo_missao_usos; Type: TABLE DATA; Schema: public; Owner: neondb_owner
--

COPY public.veiculo_missao_usos (id, veiculo_id, missao_id, piloto_id, partida, chegada, observacao) FROM stdin;
1	1	1	47	2025-10-18 10:41:43.995048+00	\N	Deslocamento de reforços SHIELD
2	4	4	36	2025-10-27 09:30:00+00	\N	Apoio aéreo
3	1	5	47	2025-10-19 10:00:00+00	\N	Interceptação
4	3	7	3	2025-10-20 11:00:00+00	\N	Patrulha aérea
5	4	8	36	2025-11-01 06:00:00+00	\N	Evacuação
6	1	9	47	2025-10-24 09:30:00+00	\N	Reconhecimento
\.

-- Append more veiculo_missao_usos
COPY public.veiculo_missao_usos (id, veiculo_id, missao_id, piloto_id, partida, chegada, observacao) FROM stdin;
7	4	17	36	2025-11-06 04:00:00+00	\N	Transporte interdimensional
8	1	15	47	2025-10-30 08:00:00+00	\N	Cobertura aérea
9	3	18	3	2025-10-21 12:00:00+00	\N	Reconhecimento urbano
10	4	15	36	2025-10-30 08:15:00+00	\N	Plataforma de comando
11	3	16	3	2025-11-01 12:10:00+00	\N	Sobrevoo tático
12	1	16	47	2025-11-01 12:05:00+00	\N	Apoio rápido
\.

-- Append more veiculo_missao_usos (lote 2)
COPY public.veiculo_missao_usos (id, veiculo_id, missao_id, piloto_id, partida, chegada, observacao) FROM stdin;
13	5	17	41	2025-11-06 09:00:00+00	\N	Apoio X-Men
14	6	12	3	2025-10-25 20:30:00+00	\N	Patrulha terrestre
15	7	11	32	2025-11-02 09:45:00+00	\N	Reconhecimento furtivo
16	8	14	45	2025-11-02 10:00:00+00	\N	Transporte orbital
17	9	11	34	2025-11-02 12:00:00+00	\N	Patrulha costeira
18	10	15	47	2025-10-31 09:00:00+00	\N	Reforço tático
19	7	16	32	2025-11-01 13:00:00+00	\N	Recon aéreo
20	10	17	36	2025-11-06 08:30:00+00	\N	Suporte aéreo
\.


-- Data for Name: veiculos; moved earlier to satisfy FK ordering

-- Append more veiculos: moved earlier to satisfy FK ordering


--
-- Name: acordos_regulatorios_id_seq; Type: SEQUENCE SET; Schema: public; Owner: neondb_owner
--

SELECT pg_catalog.setval('public.acordos_regulatorios_id_seq', 3, true);


--
-- Name: ameacas_id_seq; Type: SEQUENCE SET; Schema: public; Owner: neondb_owner
--

SELECT pg_catalog.setval('public.ameacas_id_seq', 6, true);


--
-- Name: base_acessos_id_seq; Type: SEQUENCE SET; Schema: public; Owner: neondb_owner
--

SELECT pg_catalog.setval('public.base_acessos_id_seq', 6, true);


--
-- Name: bases_id_seq; Type: SEQUENCE SET; Schema: public; Owner: neondb_owner
--

SELECT pg_catalog.setval('public.bases_id_seq', 7, true);


--
-- Name: cargos_id_seq; Type: SEQUENCE SET; Schema: public; Owner: neondb_owner
--

SELECT pg_catalog.setval('public.cargos_id_seq', 15, true);


--
-- Name: departamentos_id_seq; Type: SEQUENCE SET; Schema: public; Owner: neondb_owner
--

SELECT pg_catalog.setval('public.departamentos_id_seq', 25, true);


--
-- Name: dependentes_id_seq; Type: SEQUENCE SET; Schema: public; Owner: neondb_owner
--

SELECT pg_catalog.setval('public.dependentes_id_seq', 50, true);


--
-- Name: enderecos_id_seq; Type: SEQUENCE SET; Schema: public; Owner: neondb_owner
--

SELECT pg_catalog.setval('public.enderecos_id_seq', 50, true);


--
-- Name: equipamento_alocacoes_id_seq; Type: SEQUENCE SET; Schema: public; Owner: neondb_owner
--

SELECT pg_catalog.setval('public.equipamento_alocacoes_id_seq', 3, true);


--
-- Name: equipamentos_id_seq; Type: SEQUENCE SET; Schema: public; Owner: neondb_owner
--

SELECT pg_catalog.setval('public.equipamentos_id_seq', 6, true);


--
-- Name: equipe_membros_id_seq; Type: SEQUENCE SET; Schema: public; Owner: neondb_owner
--

SELECT pg_catalog.setval('public.equipe_membros_id_seq', 21, true);


--
-- Name: equipes_id_seq; Type: SEQUENCE SET; Schema: public; Owner: neondb_owner
--

SELECT pg_catalog.setval('public.equipes_id_seq', 5, true);


--
-- Name: eventos_folha_id_seq; Type: SEQUENCE SET; Schema: public; Owner: neondb_owner
--

SELECT pg_catalog.setval('public.eventos_folha_id_seq', 2401, true);


--
-- Name: ferias_afastamentos_id_seq; Type: SEQUENCE SET; Schema: public; Owner: neondb_owner
--

SELECT pg_catalog.setval('public.ferias_afastamentos_id_seq', 105, true);


--
-- Name: folhas_pagamento_id_seq; Type: SEQUENCE SET; Schema: public; Owner: neondb_owner
--

SELECT pg_catalog.setval('public.folhas_pagamento_id_seq', 600, true);


--
-- Name: funcionario_habilidades_id_seq; Type: SEQUENCE SET; Schema: public; Owner: neondb_owner
--

SELECT pg_catalog.setval('public.funcionario_habilidades_id_seq', 27, true);


--
-- Name: funcionarios_id_seq; Type: SEQUENCE SET; Schema: public; Owner: neondb_owner
--

SELECT pg_catalog.setval('public.funcionarios_id_seq', 50, true);


--
-- Name: habilidades_id_seq; Type: SEQUENCE SET; Schema: public; Owner: neondb_owner
--

SELECT pg_catalog.setval('public.habilidades_id_seq', 40, true);


--
-- Name: historicos_cargos_id_seq; Type: SEQUENCE SET; Schema: public; Owner: neondb_owner
--

SELECT pg_catalog.setval('public.historicos_cargos_id_seq', 51, true);


--
-- Name: historicos_salariais_id_seq; Type: SEQUENCE SET; Schema: public; Owner: neondb_owner
--

SELECT pg_catalog.setval('public.historicos_salariais_id_seq', 51, true);


--
-- Name: identidades_secretas_id_seq; Type: SEQUENCE SET; Schema: public; Owner: neondb_owner
--

SELECT pg_catalog.setval('public.identidades_secretas_id_seq', 20, true);


--
-- Name: incidentes_id_seq; Type: SEQUENCE SET; Schema: public; Owner: neondb_owner
--

SELECT pg_catalog.setval('public.incidentes_id_seq', 18, true);


--
-- Name: indenizacoes_id_seq; Type: SEQUENCE SET; Schema: public; Owner: neondb_owner
--

SELECT pg_catalog.setval('public.indenizacoes_id_seq', 11, true);


--
-- Name: licencas_operacao_id_seq; Type: SEQUENCE SET; Schema: public; Owner: neondb_owner
--

SELECT pg_catalog.setval('public.licencas_operacao_id_seq', 9, true);


--
-- Name: mencoes_midia_id_seq; Type: SEQUENCE SET; Schema: public; Owner: neondb_owner
--

SELECT pg_catalog.setval('public.mencoes_midia_id_seq', 4, true);


--
-- Name: missao_eventos_id_seq; Type: SEQUENCE SET; Schema: public; Owner: neondb_owner
--

SELECT pg_catalog.setval('public.missao_eventos_id_seq', 46, true);


--
-- Name: missao_participantes_id_seq; Type: SEQUENCE SET; Schema: public; Owner: neondb_owner
--

SELECT pg_catalog.setval('public.missao_participantes_id_seq', 65, true);


--
-- Name: missoes_id_seq; Type: SEQUENCE SET; Schema: public; Owner: neondb_owner
--

SELECT pg_catalog.setval('public.missoes_id_seq', 18, true);


--
-- Name: reputacoes_id_seq; Type: SEQUENCE SET; Schema: public; Owner: neondb_owner
--

SELECT pg_catalog.setval('public.reputacoes_id_seq', 6, true);


--
-- Name: sinais_socorro_id_seq; Type: SEQUENCE SET; Schema: public; Owner: neondb_owner
--

SELECT pg_catalog.setval('public.sinais_socorro_id_seq', 2, true);


--
-- Name: veiculo_missao_usos_id_seq; Type: SEQUENCE SET; Schema: public; Owner: neondb_owner
--

SELECT pg_catalog.setval('public.veiculo_missao_usos_id_seq', 20, true);


--
-- Name: veiculos_id_seq; Type: SEQUENCE SET; Schema: public; Owner: neondb_owner
--

SELECT pg_catalog.setval('public.veiculos_id_seq', 10, true);


--
-- Name: veiculo_manutencoes_id_seq; Type: SEQUENCE SET; Schema: public; Owner: neondb_owner
--

SELECT pg_catalog.setval('public.veiculo_manutencoes_id_seq', 3, true);


--
-- Name: acordos_regulatorios acordos_regulatorios_pkey; Type: CONSTRAINT; Schema: public; Owner: neondb_owner
--

ALTER TABLE ONLY public.acordos_regulatorios
    ADD CONSTRAINT acordos_regulatorios_pkey PRIMARY KEY (id);


--
-- Name: ameacas ameacas_pkey; Type: CONSTRAINT; Schema: public; Owner: neondb_owner
--

ALTER TABLE ONLY public.ameacas
    ADD CONSTRAINT ameacas_pkey PRIMARY KEY (id);


--
-- Name: base_acessos base_acessos_base_id_funcionario_id_key; Type: CONSTRAINT; Schema: public; Owner: neondb_owner
--

ALTER TABLE ONLY public.base_acessos
    ADD CONSTRAINT base_acessos_base_id_funcionario_id_key UNIQUE (base_id, funcionario_id);


--
-- Name: base_acessos base_acessos_pkey; Type: CONSTRAINT; Schema: public; Owner: neondb_owner
--

ALTER TABLE ONLY public.base_acessos
    ADD CONSTRAINT base_acessos_pkey PRIMARY KEY (id);


--
-- Name: bases bases_pkey; Type: CONSTRAINT; Schema: public; Owner: neondb_owner
--

ALTER TABLE ONLY public.bases
    ADD CONSTRAINT bases_pkey PRIMARY KEY (id);


--
-- Name: cargos cargos_pkey; Type: CONSTRAINT; Schema: public; Owner: neondb_owner
--

ALTER TABLE ONLY public.cargos
    ADD CONSTRAINT cargos_pkey PRIMARY KEY (id);


--
-- Name: departamentos departamentos_pkey; Type: CONSTRAINT; Schema: public; Owner: neondb_owner
--

ALTER TABLE ONLY public.departamentos
    ADD CONSTRAINT departamentos_pkey PRIMARY KEY (id);


--
-- Name: dependentes dependentes_pkey; Type: CONSTRAINT; Schema: public; Owner: neondb_owner
--

ALTER TABLE ONLY public.dependentes
    ADD CONSTRAINT dependentes_pkey PRIMARY KEY (id);


--
-- Name: enderecos enderecos_funcionario_id_uniq; Type: CONSTRAINT; Schema: public; Owner: neondb_owner
--

ALTER TABLE ONLY public.enderecos
    ADD CONSTRAINT enderecos_funcionario_id_uniq UNIQUE (funcionario_id);


--
-- Name: enderecos enderecos_pkey; Type: CONSTRAINT; Schema: public; Owner: neondb_owner
--

ALTER TABLE ONLY public.enderecos
    ADD CONSTRAINT enderecos_pkey PRIMARY KEY (id);


--
-- Name: equipamento_alocacoes equipamento_alocacoes_pkey; Type: CONSTRAINT; Schema: public; Owner: neondb_owner
--

ALTER TABLE ONLY public.equipamento_alocacoes
    ADD CONSTRAINT equipamento_alocacoes_pkey PRIMARY KEY (id);


--
-- Name: equipamentos equipamentos_pkey; Type: CONSTRAINT; Schema: public; Owner: neondb_owner
--

ALTER TABLE ONLY public.equipamentos
    ADD CONSTRAINT equipamentos_pkey PRIMARY KEY (id);


--
-- Name: equipe_membros equipe_membros_equipe_id_funcionario_id_data_entrada_key; Type: CONSTRAINT; Schema: public; Owner: neondb_owner
--

ALTER TABLE ONLY public.equipe_membros
    ADD CONSTRAINT equipe_membros_equipe_id_funcionario_id_data_entrada_key UNIQUE (equipe_id, funcionario_id, data_entrada);


--
-- Name: equipe_membros equipe_membros_pkey; Type: CONSTRAINT; Schema: public; Owner: neondb_owner
--

ALTER TABLE ONLY public.equipe_membros
    ADD CONSTRAINT equipe_membros_pkey PRIMARY KEY (id);


--
-- Name: equipes equipes_pkey; Type: CONSTRAINT; Schema: public; Owner: neondb_owner
--

ALTER TABLE ONLY public.equipes
    ADD CONSTRAINT equipes_pkey PRIMARY KEY (id);


--
-- Name: eventos_folha eventos_folha_pkey; Type: CONSTRAINT; Schema: public; Owner: neondb_owner
--

ALTER TABLE ONLY public.eventos_folha
    ADD CONSTRAINT eventos_folha_pkey PRIMARY KEY (id);


--
-- Name: ferias_afastamentos ferias_afastamentos_pkey; Type: CONSTRAINT; Schema: public; Owner: neondb_owner
--

ALTER TABLE ONLY public.ferias_afastamentos
    ADD CONSTRAINT ferias_afastamentos_pkey PRIMARY KEY (id);


--
-- Name: folhas_pagamento folhas_pagamento_pkey; Type: CONSTRAINT; Schema: public; Owner: neondb_owner
--

ALTER TABLE ONLY public.folhas_pagamento
    ADD CONSTRAINT folhas_pagamento_pkey PRIMARY KEY (id);


--
-- Name: funcionario_habilidades funcionario_habilidades_funcionario_id_habilidade_id_key; Type: CONSTRAINT; Schema: public; Owner: neondb_owner
--

ALTER TABLE ONLY public.funcionario_habilidades
    ADD CONSTRAINT funcionario_habilidades_funcionario_id_habilidade_id_key UNIQUE (funcionario_id, habilidade_id);


--
-- Name: funcionario_habilidades funcionario_habilidades_pkey; Type: CONSTRAINT; Schema: public; Owner: neondb_owner
--

ALTER TABLE ONLY public.funcionario_habilidades
    ADD CONSTRAINT funcionario_habilidades_pkey PRIMARY KEY (id);


--
-- Name: funcionarios funcionarios_pkey; Type: CONSTRAINT; Schema: public; Owner: neondb_owner
--

ALTER TABLE ONLY public.funcionarios
    ADD CONSTRAINT funcionarios_pkey PRIMARY KEY (id);


--
-- Name: habilidades habilidades_pkey; Type: CONSTRAINT; Schema: public; Owner: neondb_owner
--

ALTER TABLE ONLY public.habilidades
    ADD CONSTRAINT habilidades_pkey PRIMARY KEY (id);


--
-- Name: historicos_cargos historicos_cargos_pkey; Type: CONSTRAINT; Schema: public; Owner: neondb_owner
--

ALTER TABLE ONLY public.historicos_cargos
    ADD CONSTRAINT historicos_cargos_pkey PRIMARY KEY (id);


--
-- Name: historicos_salariais historicos_salariais_pkey; Type: CONSTRAINT; Schema: public; Owner: neondb_owner
--

ALTER TABLE ONLY public.historicos_salariais
    ADD CONSTRAINT historicos_salariais_pkey PRIMARY KEY (id);


--
-- Name: identidades_secretas identidades_secretas_funcionario_id_codinome_key; Type: CONSTRAINT; Schema: public; Owner: neondb_owner
--

ALTER TABLE ONLY public.identidades_secretas
    ADD CONSTRAINT identidades_secretas_funcionario_id_codinome_key UNIQUE (funcionario_id, codinome);


--
-- Name: identidades_secretas identidades_secretas_pkey; Type: CONSTRAINT; Schema: public; Owner: neondb_owner
--

ALTER TABLE ONLY public.identidades_secretas
    ADD CONSTRAINT identidades_secretas_pkey PRIMARY KEY (id);


--
-- Name: incidentes incidentes_pkey; Type: CONSTRAINT; Schema: public; Owner: neondb_owner
--

ALTER TABLE ONLY public.incidentes
    ADD CONSTRAINT incidentes_pkey PRIMARY KEY (id);


--
-- Name: indenizacoes indenizacoes_pkey; Type: CONSTRAINT; Schema: public; Owner: neondb_owner
--

ALTER TABLE ONLY public.indenizacoes
    ADD CONSTRAINT indenizacoes_pkey PRIMARY KEY (id);


--
-- Name: licencas_operacao licencas_operacao_pkey; Type: CONSTRAINT; Schema: public; Owner: neondb_owner
--

ALTER TABLE ONLY public.licencas_operacao
    ADD CONSTRAINT licencas_operacao_pkey PRIMARY KEY (id);


--
-- Name: mencoes_midia mencoes_midia_pkey; Type: CONSTRAINT; Schema: public; Owner: neondb_owner
--

ALTER TABLE ONLY public.mencoes_midia
    ADD CONSTRAINT mencoes_midia_pkey PRIMARY KEY (id);


--
-- Name: missao_eventos missao_eventos_pkey; Type: CONSTRAINT; Schema: public; Owner: neondb_owner
--

ALTER TABLE ONLY public.missao_eventos
    ADD CONSTRAINT missao_eventos_pkey PRIMARY KEY (id);


--
-- Name: missao_participantes missao_participantes_missao_id_funcionario_id_key; Type: CONSTRAINT; Schema: public; Owner: neondb_owner
--

ALTER TABLE ONLY public.missao_participantes
    ADD CONSTRAINT missao_participantes_missao_id_funcionario_id_key UNIQUE (missao_id, funcionario_id);


--
-- Name: missao_participantes missao_participantes_pkey; Type: CONSTRAINT; Schema: public; Owner: neondb_owner
--

ALTER TABLE ONLY public.missao_participantes
    ADD CONSTRAINT missao_participantes_pkey PRIMARY KEY (id);


--
-- Name: missoes missoes_pkey; Type: CONSTRAINT; Schema: public; Owner: neondb_owner
--

ALTER TABLE ONLY public.missoes
    ADD CONSTRAINT missoes_pkey PRIMARY KEY (id);


--
-- Name: reputacoes reputacoes_funcionario_id_key; Type: CONSTRAINT; Schema: public; Owner: neondb_owner
--

ALTER TABLE ONLY public.reputacoes
    ADD CONSTRAINT reputacoes_funcionario_id_key UNIQUE (funcionario_id);


--
-- Name: reputacoes reputacoes_pkey; Type: CONSTRAINT; Schema: public; Owner: neondb_owner
--

ALTER TABLE ONLY public.reputacoes
    ADD CONSTRAINT reputacoes_pkey PRIMARY KEY (id);


--
-- Name: sinais_socorro sinais_socorro_pkey; Type: CONSTRAINT; Schema: public; Owner: neondb_owner
--

ALTER TABLE ONLY public.sinais_socorro
    ADD CONSTRAINT sinais_socorro_pkey PRIMARY KEY (id);


--
-- Name: veiculo_missao_usos veiculo_missao_usos_pkey; Type: CONSTRAINT; Schema: public; Owner: neondb_owner
--

ALTER TABLE ONLY public.veiculo_missao_usos
    ADD CONSTRAINT veiculo_missao_usos_pkey PRIMARY KEY (id);


--
-- Name: veiculo_missao_usos veiculo_missao_usos_veiculo_id_missao_id_key; Type: CONSTRAINT; Schema: public; Owner: neondb_owner
--

ALTER TABLE ONLY public.veiculo_missao_usos
    ADD CONSTRAINT veiculo_missao_usos_veiculo_id_missao_id_key UNIQUE (veiculo_id, missao_id);


--
-- Name: veiculos veiculos_pkey; Type: CONSTRAINT; Schema: public; Owner: neondb_owner
--

-- NOTE: PK moved inline in table creation above to satisfy early FKs
-- ALTER TABLE ONLY public.veiculos
--     ADD CONSTRAINT veiculos_pkey PRIMARY KEY (id);


--
-- Name: idx_ameacas_status_nivel; Type: INDEX; Schema: public; Owner: neondb_owner
--

CREATE INDEX idx_ameacas_status_nivel ON public.ameacas USING btree (status, nivel);


--
-- Name: idx_base_acessos_base; Type: INDEX; Schema: public; Owner: neondb_owner
--

CREATE INDEX idx_base_acessos_base ON public.base_acessos USING btree (base_id);


--
-- Name: idx_base_acessos_func; Type: INDEX; Schema: public; Owner: neondb_owner
--

CREATE INDEX idx_base_acessos_func ON public.base_acessos USING btree (funcionario_id);


--
-- Name: idx_base_acessos_nivel; Type: INDEX; Schema: public; Owner: neondb_owner
--

CREATE INDEX idx_base_acessos_nivel ON public.base_acessos USING btree (nivel_acesso);


--
-- Name: idx_eq_aloc_equip; Type: INDEX; Schema: public; Owner: neondb_owner
--

CREATE INDEX idx_eq_aloc_equip ON public.equipamento_alocacoes USING btree (equipamento_id);


--
-- Name: idx_eq_aloc_func; Type: INDEX; Schema: public; Owner: neondb_owner
--

CREATE INDEX idx_eq_aloc_func ON public.equipamento_alocacoes USING btree (funcionario_id);


--
-- Name: idx_eq_membros_equipe; Type: INDEX; Schema: public; Owner: neondb_owner
--

CREATE INDEX idx_eq_membros_equipe ON public.equipe_membros USING btree (equipe_id);


--
-- Name: idx_eq_membros_func; Type: INDEX; Schema: public; Owner: neondb_owner
--

CREATE INDEX idx_eq_membros_func ON public.equipe_membros USING btree (funcionario_id);


--
-- Name: idx_equipamentos_prop; Type: INDEX; Schema: public; Owner: neondb_owner
--

CREATE INDEX idx_equipamentos_prop ON public.equipamentos USING btree (proprietario_id);


--
-- Name: idx_equipamentos_status; Type: INDEX; Schema: public; Owner: neondb_owner
--

CREATE INDEX idx_equipamentos_status ON public.equipamentos USING btree (status);


--
-- Name: idx_equipes_base; Type: INDEX; Schema: public; Owner: neondb_owner
--

CREATE INDEX idx_equipes_base ON public.equipes USING btree (base_principal_id);


--
-- Name: idx_func_hab_funcionario; Type: INDEX; Schema: public; Owner: neondb_owner
--

CREATE INDEX idx_func_hab_funcionario ON public.funcionario_habilidades USING btree (funcionario_id);


--
-- Name: idx_func_hab_habilidade; Type: INDEX; Schema: public; Owner: neondb_owner
--

CREATE INDEX idx_func_hab_habilidade ON public.funcionario_habilidades USING btree (habilidade_id);


--
-- Name: idx_identidades_secretas_funcionario; Type: INDEX; Schema: public; Owner: neondb_owner
--

CREATE INDEX idx_identidades_secretas_funcionario ON public.identidades_secretas USING btree (funcionario_id);


--
-- Name: idx_incidentes_missao; Type: INDEX; Schema: public; Owner: neondb_owner
--

CREATE INDEX idx_incidentes_missao ON public.incidentes USING btree (missao_id);


--
-- Name: idx_incidentes_severidade; Type: INDEX; Schema: public; Owner: neondb_owner
--

CREATE INDEX idx_incidentes_severidade ON public.incidentes USING btree (severidade);


--
-- Name: idx_indenizacoes_incidente; Type: INDEX; Schema: public; Owner: neondb_owner
--

CREATE INDEX idx_indenizacoes_incidente ON public.indenizacoes USING btree (incidente_id);


--
-- Name: idx_indenizacoes_pago; Type: INDEX; Schema: public; Owner: neondb_owner
--

CREATE INDEX idx_indenizacoes_pago ON public.indenizacoes USING btree (pago);


--
-- Name: idx_licencas_acordo; Type: INDEX; Schema: public; Owner: neondb_owner
--

CREATE INDEX idx_licencas_acordo ON public.licencas_operacao USING btree (acordo_id);


--
-- Name: idx_licencas_equipe; Type: INDEX; Schema: public; Owner: neondb_owner
--

CREATE INDEX idx_licencas_equipe ON public.licencas_operacao USING btree (equipe_id);


--
-- Name: idx_licencas_func; Type: INDEX; Schema: public; Owner: neondb_owner
--

CREATE INDEX idx_licencas_func ON public.licencas_operacao USING btree (funcionario_id);


--
-- Name: idx_midias_funcionario; Type: INDEX; Schema: public; Owner: neondb_owner
--

CREATE INDEX idx_midias_funcionario ON public.mencoes_midia USING btree (funcionario_id);


--
-- Name: idx_midias_publicado_em; Type: INDEX; Schema: public; Owner: neondb_owner
--

CREATE INDEX idx_midias_publicado_em ON public.mencoes_midia USING btree (publicado_em);


--
-- Name: idx_miss_part_func; Type: INDEX; Schema: public; Owner: neondb_owner
--

CREATE INDEX idx_miss_part_func ON public.missao_participantes USING btree (funcionario_id);


--
-- Name: idx_miss_part_missao; Type: INDEX; Schema: public; Owner: neondb_owner
--

CREATE INDEX idx_miss_part_missao ON public.missao_participantes USING btree (missao_id);


--
-- Name: idx_missao_eventos_missao; Type: INDEX; Schema: public; Owner: neondb_owner
--

CREATE INDEX idx_missao_eventos_missao ON public.missao_eventos USING btree (missao_id);


--
-- Name: idx_missao_eventos_quando; Type: INDEX; Schema: public; Owner: neondb_owner
--

CREATE INDEX idx_missao_eventos_quando ON public.missao_eventos USING btree (ocorrido_em);


--
-- Name: idx_missoes_ameaca; Type: INDEX; Schema: public; Owner: neondb_owner
--

CREATE INDEX idx_missoes_ameaca ON public.missoes USING btree (ameaca_id);


--
-- Name: idx_missoes_status_prioridade; Type: INDEX; Schema: public; Owner: neondb_owner
--

CREATE INDEX idx_missoes_status_prioridade ON public.missoes USING btree (status, prioridade);


--
-- Name: idx_reputacoes_funcionario; Type: INDEX; Schema: public; Owner: neondb_owner
--

CREATE INDEX idx_reputacoes_funcionario ON public.reputacoes USING btree (funcionario_id);


--
-- Name: idx_reputacoes_scores; Type: INDEX; Schema: public; Owner: neondb_owner
--

CREATE INDEX idx_reputacoes_scores ON public.reputacoes USING btree (score_publico, score_governamental);


--
-- Name: idx_sinais_nivel; Type: INDEX; Schema: public; Owner: neondb_owner
--

CREATE INDEX idx_sinais_nivel ON public.sinais_socorro USING btree (nivel_ameaca);


--
-- Name: idx_sinais_status; Type: INDEX; Schema: public; Owner: neondb_owner
--

CREATE INDEX idx_sinais_status ON public.sinais_socorro USING btree (status);


--
-- Name: idx_veiculos_prop; Type: INDEX; Schema: public; Owner: neondb_owner
--

CREATE INDEX idx_veiculos_prop ON public.veiculos USING btree (proprietario_id);


--
-- Name: idx_veiculos_status; Type: INDEX; Schema: public; Owner: neondb_owner
--

CREATE INDEX idx_veiculos_status ON public.veiculos USING btree (status);


--
-- Name: idx_vm_missao; Type: INDEX; Schema: public; Owner: neondb_owner
--

CREATE INDEX idx_vm_missao ON public.veiculo_missao_usos USING btree (missao_id);


--
-- Name: idx_vm_veiculo; Type: INDEX; Schema: public; Owner: neondb_owner
--

CREATE INDEX idx_vm_veiculo ON public.veiculo_missao_usos USING btree (veiculo_id);


--
-- Name: ux_acordos_nome_juris; Type: INDEX; Schema: public; Owner: neondb_owner
--

CREATE UNIQUE INDEX ux_acordos_nome_juris ON public.acordos_regulatorios USING btree (nome, jurisdicao);


--
-- Name: ux_ameacas_nome; Type: INDEX; Schema: public; Owner: neondb_owner
--

CREATE UNIQUE INDEX ux_ameacas_nome ON public.ameacas USING btree (nome);


--
-- Name: ux_bases_nome; Type: INDEX; Schema: public; Owner: neondb_owner
--

CREATE UNIQUE INDEX ux_bases_nome ON public.bases USING btree (nome);


--
-- Name: ux_equipes_nome; Type: INDEX; Schema: public; Owner: neondb_owner
--

CREATE UNIQUE INDEX ux_equipes_nome ON public.equipes USING btree (nome);


--
-- Name: ux_habilidades_nome; Type: INDEX; Schema: public; Owner: neondb_owner
--

CREATE UNIQUE INDEX ux_habilidades_nome ON public.habilidades USING btree (nome);


--
-- Name: eventos_folha trg_eventos_folha_recalc; Type: TRIGGER; Schema: public; Owner: neondb_owner
--

CREATE TRIGGER trg_eventos_folha_recalc AFTER INSERT OR DELETE OR UPDATE ON public.eventos_folha FOR EACH ROW EXECUTE FUNCTION public.fn_trg_eventos_folha_recalc();


--
-- Name: funcionarios trg_funcionarios_hist; Type: TRIGGER; Schema: public; Owner: neondb_owner
--

CREATE TRIGGER trg_funcionarios_hist AFTER UPDATE OF salario, cargo_id ON public.funcionarios FOR EACH ROW EXECUTE FUNCTION public.fn_trg_funcionarios_hist();


--
-- Name: base_acessos base_acessos_base_id_fkey; Type: FK CONSTRAINT; Schema: public; Owner: neondb_owner
--

ALTER TABLE ONLY public.base_acessos
    ADD CONSTRAINT base_acessos_base_id_fkey FOREIGN KEY (base_id) REFERENCES public.bases(id) ON DELETE CASCADE;


--
-- Name: base_acessos base_acessos_funcionario_id_fkey; Type: FK CONSTRAINT; Schema: public; Owner: neondb_owner
--

ALTER TABLE ONLY public.base_acessos
    ADD CONSTRAINT base_acessos_funcionario_id_fkey FOREIGN KEY (funcionario_id) REFERENCES public.funcionarios(id) ON DELETE CASCADE;


--
-- Name: departamentos departamentos_responsavel_fk; Type: FK CONSTRAINT; Schema: public; Owner: neondb_owner
--

ALTER TABLE ONLY public.departamentos
    ADD CONSTRAINT departamentos_responsavel_fk FOREIGN KEY (responsavel_id) REFERENCES public.funcionarios(id);


--
-- Name: dependentes dependentes_funcionario_id_fkey; Type: FK CONSTRAINT; Schema: public; Owner: neondb_owner
--

ALTER TABLE ONLY public.dependentes
    ADD CONSTRAINT dependentes_funcionario_id_fkey FOREIGN KEY (funcionario_id) REFERENCES public.funcionarios(id);


--
-- Name: enderecos enderecos_funcionario_fk; Type: FK CONSTRAINT; Schema: public; Owner: neondb_owner
--

ALTER TABLE ONLY public.enderecos
    ADD CONSTRAINT enderecos_funcionario_fk FOREIGN KEY (funcionario_id) REFERENCES public.funcionarios(id) ON DELETE CASCADE;


--
-- Name: equipamento_alocacoes equipamento_alocacoes_equipamento_id_fkey; Type: FK CONSTRAINT; Schema: public; Owner: neondb_owner
--

ALTER TABLE ONLY public.equipamento_alocacoes
    ADD CONSTRAINT equipamento_alocacoes_equipamento_id_fkey FOREIGN KEY (equipamento_id) REFERENCES public.equipamentos(id) ON DELETE CASCADE;


--
-- Name: equipamento_alocacoes equipamento_alocacoes_funcionario_id_fkey; Type: FK CONSTRAINT; Schema: public; Owner: neondb_owner
--

ALTER TABLE ONLY public.equipamento_alocacoes
    ADD CONSTRAINT equipamento_alocacoes_funcionario_id_fkey FOREIGN KEY (funcionario_id) REFERENCES public.funcionarios(id) ON DELETE CASCADE;


--
-- Name: equipamentos equipamentos_proprietario_id_fkey; Type: FK CONSTRAINT; Schema: public; Owner: neondb_owner
--

ALTER TABLE ONLY public.equipamentos
    ADD CONSTRAINT equipamentos_proprietario_id_fkey FOREIGN KEY (proprietario_id) REFERENCES public.funcionarios(id);


--
-- Name: equipe_membros equipe_membros_equipe_id_fkey; Type: FK CONSTRAINT; Schema: public; Owner: neondb_owner
--

ALTER TABLE ONLY public.equipe_membros
    ADD CONSTRAINT equipe_membros_equipe_id_fkey FOREIGN KEY (equipe_id) REFERENCES public.equipes(id) ON DELETE CASCADE;


--
-- Name: equipe_membros equipe_membros_funcionario_id_fkey; Type: FK CONSTRAINT; Schema: public; Owner: neondb_owner
--

ALTER TABLE ONLY public.equipe_membros
    ADD CONSTRAINT equipe_membros_funcionario_id_fkey FOREIGN KEY (funcionario_id) REFERENCES public.funcionarios(id) ON DELETE CASCADE;


--
-- Name: equipes equipes_base_principal_id_fkey; Type: FK CONSTRAINT; Schema: public; Owner: neondb_owner
--

ALTER TABLE ONLY public.equipes
    ADD CONSTRAINT equipes_base_principal_id_fkey FOREIGN KEY (base_principal_id) REFERENCES public.bases(id);


--
-- Name: eventos_folha eventos_folha_folha_pagamento_id_fkey; Type: FK CONSTRAINT; Schema: public; Owner: neondb_owner
--

ALTER TABLE ONLY public.eventos_folha
    ADD CONSTRAINT eventos_folha_folha_pagamento_id_fkey FOREIGN KEY (folha_pagamento_id) REFERENCES public.folhas_pagamento(id);


--
-- Name: ferias_afastamentos ferias_afastamentos_funcionario_id_fkey; Type: FK CONSTRAINT; Schema: public; Owner: neondb_owner
--

ALTER TABLE ONLY public.ferias_afastamentos
    ADD CONSTRAINT ferias_afastamentos_funcionario_id_fkey FOREIGN KEY (funcionario_id) REFERENCES public.funcionarios(id);


--
-- Name: folhas_pagamento folhas_pagamento_funcionario_id_fkey; Type: FK CONSTRAINT; Schema: public; Owner: neondb_owner
--

ALTER TABLE ONLY public.folhas_pagamento
    ADD CONSTRAINT folhas_pagamento_funcionario_id_fkey FOREIGN KEY (funcionario_id) REFERENCES public.funcionarios(id);


--
-- Name: funcionario_habilidades funcionario_habilidades_funcionario_id_fkey; Type: FK CONSTRAINT; Schema: public; Owner: neondb_owner
--

ALTER TABLE ONLY public.funcionario_habilidades
    ADD CONSTRAINT funcionario_habilidades_funcionario_id_fkey FOREIGN KEY (funcionario_id) REFERENCES public.funcionarios(id) ON DELETE CASCADE;


--
-- Name: funcionario_habilidades funcionario_habilidades_habilidade_id_fkey; Type: FK CONSTRAINT; Schema: public; Owner: neondb_owner
--

ALTER TABLE ONLY public.funcionario_habilidades
    ADD CONSTRAINT funcionario_habilidades_habilidade_id_fkey FOREIGN KEY (habilidade_id) REFERENCES public.habilidades(id) ON DELETE CASCADE;


--
-- Name: funcionarios funcionarios_cargo_id_fkey; Type: FK CONSTRAINT; Schema: public; Owner: neondb_owner
--

ALTER TABLE ONLY public.funcionarios
    ADD CONSTRAINT funcionarios_cargo_id_fkey FOREIGN KEY (cargo_id) REFERENCES public.cargos(id);


--
-- Name: funcionarios funcionarios_departamento_id_fkey; Type: FK CONSTRAINT; Schema: public; Owner: neondb_owner
--

ALTER TABLE ONLY public.funcionarios
    ADD CONSTRAINT funcionarios_departamento_id_fkey FOREIGN KEY (departamento_id) REFERENCES public.departamentos(id);


--
-- Name: historicos_cargos historicos_cargos_cargo_id_fkey; Type: FK CONSTRAINT; Schema: public; Owner: neondb_owner
--

ALTER TABLE ONLY public.historicos_cargos
    ADD CONSTRAINT historicos_cargos_cargo_id_fkey FOREIGN KEY (cargo_id) REFERENCES public.cargos(id);


--
-- Name: historicos_cargos historicos_cargos_funcionario_id_fkey; Type: FK CONSTRAINT; Schema: public; Owner: neondb_owner
--

ALTER TABLE ONLY public.historicos_cargos
    ADD CONSTRAINT historicos_cargos_funcionario_id_fkey FOREIGN KEY (funcionario_id) REFERENCES public.funcionarios(id) ON DELETE CASCADE;


--
-- Name: historicos_salariais historicos_salariais_funcionario_id_fkey; Type: FK CONSTRAINT; Schema: public; Owner: neondb_owner
--

ALTER TABLE ONLY public.historicos_salariais
    ADD CONSTRAINT historicos_salariais_funcionario_id_fkey FOREIGN KEY (funcionario_id) REFERENCES public.funcionarios(id) ON DELETE CASCADE;


--
-- Name: identidades_secretas identidades_secretas_funcionario_id_fkey; Type: FK CONSTRAINT; Schema: public; Owner: neondb_owner
--

ALTER TABLE ONLY public.identidades_secretas
    ADD CONSTRAINT identidades_secretas_funcionario_id_fkey FOREIGN KEY (funcionario_id) REFERENCES public.funcionarios(id) ON DELETE CASCADE;


--
-- Name: incidentes incidentes_missao_id_fkey; Type: FK CONSTRAINT; Schema: public; Owner: neondb_owner
--

ALTER TABLE ONLY public.incidentes
    ADD CONSTRAINT incidentes_missao_id_fkey FOREIGN KEY (missao_id) REFERENCES public.missoes(id);


--
-- Name: indenizacoes indenizacoes_incidente_id_fkey; Type: FK CONSTRAINT; Schema: public; Owner: neondb_owner
--

ALTER TABLE ONLY public.indenizacoes
    ADD CONSTRAINT indenizacoes_incidente_id_fkey FOREIGN KEY (incidente_id) REFERENCES public.incidentes(id) ON DELETE CASCADE;


--
-- Name: licencas_operacao licencas_operacao_acordo_id_fkey; Type: FK CONSTRAINT; Schema: public; Owner: neondb_owner
--

ALTER TABLE ONLY public.licencas_operacao
    ADD CONSTRAINT licencas_operacao_acordo_id_fkey FOREIGN KEY (acordo_id) REFERENCES public.acordos_regulatorios(id) ON DELETE CASCADE;


--
-- Name: licencas_operacao licencas_operacao_equipe_id_fkey; Type: FK CONSTRAINT; Schema: public; Owner: neondb_owner
--

ALTER TABLE ONLY public.licencas_operacao
    ADD CONSTRAINT licencas_operacao_equipe_id_fkey FOREIGN KEY (equipe_id) REFERENCES public.equipes(id);


--
-- Name: licencas_operacao licencas_operacao_funcionario_id_fkey; Type: FK CONSTRAINT; Schema: public; Owner: neondb_owner
--

ALTER TABLE ONLY public.licencas_operacao
    ADD CONSTRAINT licencas_operacao_funcionario_id_fkey FOREIGN KEY (funcionario_id) REFERENCES public.funcionarios(id);


--
-- Name: mencoes_midia mencoes_midia_funcionario_id_fkey; Type: FK CONSTRAINT; Schema: public; Owner: neondb_owner
--

ALTER TABLE ONLY public.mencoes_midia
    ADD CONSTRAINT mencoes_midia_funcionario_id_fkey FOREIGN KEY (funcionario_id) REFERENCES public.funcionarios(id) ON DELETE SET NULL;


--
-- Name: missao_eventos missao_eventos_missao_id_fkey; Type: FK CONSTRAINT; Schema: public; Owner: neondb_owner
--

ALTER TABLE ONLY public.missao_eventos
    ADD CONSTRAINT missao_eventos_missao_id_fkey FOREIGN KEY (missao_id) REFERENCES public.missoes(id) ON DELETE CASCADE;


--
-- Name: missao_participantes missao_participantes_funcionario_id_fkey; Type: FK CONSTRAINT; Schema: public; Owner: neondb_owner
--

ALTER TABLE ONLY public.missao_participantes
    ADD CONSTRAINT missao_participantes_funcionario_id_fkey FOREIGN KEY (funcionario_id) REFERENCES public.funcionarios(id) ON DELETE CASCADE;


--
-- Name: missao_participantes missao_participantes_missao_id_fkey; Type: FK CONSTRAINT; Schema: public; Owner: neondb_owner
--

ALTER TABLE ONLY public.missao_participantes
    ADD CONSTRAINT missao_participantes_missao_id_fkey FOREIGN KEY (missao_id) REFERENCES public.missoes(id) ON DELETE CASCADE;


--
-- Name: missoes missoes_ameaca_id_fkey; Type: FK CONSTRAINT; Schema: public; Owner: neondb_owner
--

ALTER TABLE ONLY public.missoes
    ADD CONSTRAINT missoes_ameaca_id_fkey FOREIGN KEY (ameaca_id) REFERENCES public.ameacas(id);


--
-- Name: reputacoes reputacoes_funcionario_id_fkey; Type: FK CONSTRAINT; Schema: public; Owner: neondb_owner
--

ALTER TABLE ONLY public.reputacoes
    ADD CONSTRAINT reputacoes_funcionario_id_fkey FOREIGN KEY (funcionario_id) REFERENCES public.funcionarios(id) ON DELETE CASCADE;


--
-- Name: veiculo_missao_usos veiculo_missao_usos_missao_id_fkey; Type: FK CONSTRAINT; Schema: public; Owner: neondb_owner
--

ALTER TABLE ONLY public.veiculo_missao_usos
    ADD CONSTRAINT veiculo_missao_usos_missao_id_fkey FOREIGN KEY (missao_id) REFERENCES public.missoes(id) ON DELETE CASCADE;


--
-- Name: veiculo_missao_usos veiculo_missao_usos_piloto_id_fkey; Type: FK CONSTRAINT; Schema: public; Owner: neondb_owner
--

ALTER TABLE ONLY public.veiculo_missao_usos
    ADD CONSTRAINT veiculo_missao_usos_piloto_id_fkey FOREIGN KEY (piloto_id) REFERENCES public.funcionarios(id);


--
-- Name: veiculo_missao_usos veiculo_missao_usos_veiculo_id_fkey; Type: FK CONSTRAINT; Schema: public; Owner: neondb_owner
--

ALTER TABLE ONLY public.veiculo_missao_usos
    ADD CONSTRAINT veiculo_missao_usos_veiculo_id_fkey FOREIGN KEY (veiculo_id) REFERENCES public.veiculos(id) ON DELETE CASCADE;


--
-- Name: veiculos veiculos_proprietario_id_fkey; Type: FK CONSTRAINT; Schema: public; Owner: neondb_owner
--

ALTER TABLE ONLY public.veiculos
    ADD CONSTRAINT veiculos_proprietario_id_fkey FOREIGN KEY (proprietario_id) REFERENCES public.funcionarios(id);


--
-- Name: DATABASE neondb; Type: ACL; Schema: -; Owner: neondb_owner
--

GRANT ALL ON DATABASE neondb TO neon_superuser;
GRANT CONNECT ON DATABASE neondb TO praxis_service_user;


--
-- Name: SCHEMA public; Type: ACL; Schema: -; Owner: pg_database_owner
--

GRANT USAGE ON SCHEMA public TO praxis_service_user;


--
-- Name: TABLE acordos_regulatorios; Type: ACL; Schema: public; Owner: neondb_owner
--

GRANT SELECT,INSERT,DELETE,UPDATE ON TABLE public.acordos_regulatorios TO praxis_service_user;


--
-- Name: SEQUENCE acordos_regulatorios_id_seq; Type: ACL; Schema: public; Owner: neondb_owner
--

GRANT SELECT,USAGE ON SEQUENCE public.acordos_regulatorios_id_seq TO praxis_service_user;


--
-- Name: TABLE ameacas; Type: ACL; Schema: public; Owner: neondb_owner
--

GRANT SELECT,INSERT,DELETE,UPDATE ON TABLE public.ameacas TO praxis_service_user;


--
-- Name: SEQUENCE ameacas_id_seq; Type: ACL; Schema: public; Owner: neondb_owner
--

GRANT SELECT,USAGE ON SEQUENCE public.ameacas_id_seq TO praxis_service_user;


--
-- Name: TABLE base_acessos; Type: ACL; Schema: public; Owner: neondb_owner
--

GRANT SELECT,INSERT,DELETE,UPDATE ON TABLE public.base_acessos TO praxis_service_user;


--
-- Name: SEQUENCE base_acessos_id_seq; Type: ACL; Schema: public; Owner: neondb_owner
--

GRANT SELECT,USAGE ON SEQUENCE public.base_acessos_id_seq TO praxis_service_user;


--
-- Name: TABLE bases; Type: ACL; Schema: public; Owner: neondb_owner
--

GRANT SELECT,INSERT,DELETE,UPDATE ON TABLE public.bases TO praxis_service_user;


--
-- Name: SEQUENCE bases_id_seq; Type: ACL; Schema: public; Owner: neondb_owner
--

GRANT SELECT,USAGE ON SEQUENCE public.bases_id_seq TO praxis_service_user;


--
-- Name: TABLE cargos; Type: ACL; Schema: public; Owner: neondb_owner
--

GRANT SELECT,INSERT,DELETE,UPDATE ON TABLE public.cargos TO praxis_service_user;


--
-- Name: SEQUENCE cargos_id_seq; Type: ACL; Schema: public; Owner: neondb_owner
--

GRANT SELECT,USAGE ON SEQUENCE public.cargos_id_seq TO praxis_service_user;


--
-- Name: TABLE departamentos; Type: ACL; Schema: public; Owner: neondb_owner
--

GRANT SELECT,INSERT,DELETE,UPDATE ON TABLE public.departamentos TO praxis_service_user;


--
-- Name: SEQUENCE departamentos_id_seq; Type: ACL; Schema: public; Owner: neondb_owner
--

GRANT SELECT,USAGE ON SEQUENCE public.departamentos_id_seq TO praxis_service_user;


--
-- Name: TABLE dependentes; Type: ACL; Schema: public; Owner: neondb_owner
--

GRANT SELECT,INSERT,DELETE,UPDATE ON TABLE public.dependentes TO praxis_service_user;


--
-- Name: SEQUENCE dependentes_id_seq; Type: ACL; Schema: public; Owner: neondb_owner
--

GRANT SELECT,USAGE ON SEQUENCE public.dependentes_id_seq TO praxis_service_user;


--
-- Name: TABLE enderecos; Type: ACL; Schema: public; Owner: neondb_owner
--

GRANT SELECT,INSERT,DELETE,UPDATE ON TABLE public.enderecos TO praxis_service_user;


--
-- Name: SEQUENCE enderecos_id_seq; Type: ACL; Schema: public; Owner: neondb_owner
--

GRANT SELECT,USAGE ON SEQUENCE public.enderecos_id_seq TO praxis_service_user;


--
-- Name: TABLE equipamento_alocacoes; Type: ACL; Schema: public; Owner: neondb_owner
--

GRANT SELECT,INSERT,DELETE,UPDATE ON TABLE public.equipamento_alocacoes TO praxis_service_user;


--
-- Name: SEQUENCE equipamento_alocacoes_id_seq; Type: ACL; Schema: public; Owner: neondb_owner
--

GRANT SELECT,USAGE ON SEQUENCE public.equipamento_alocacoes_id_seq TO praxis_service_user;


--
-- Name: TABLE equipamentos; Type: ACL; Schema: public; Owner: neondb_owner
--

GRANT SELECT,INSERT,DELETE,UPDATE ON TABLE public.equipamentos TO praxis_service_user;


--
-- Name: SEQUENCE equipamentos_id_seq; Type: ACL; Schema: public; Owner: neondb_owner
--

GRANT SELECT,USAGE ON SEQUENCE public.equipamentos_id_seq TO praxis_service_user;


--
-- Name: TABLE equipe_membros; Type: ACL; Schema: public; Owner: neondb_owner
--

GRANT SELECT,INSERT,DELETE,UPDATE ON TABLE public.equipe_membros TO praxis_service_user;


--
-- Name: SEQUENCE equipe_membros_id_seq; Type: ACL; Schema: public; Owner: neondb_owner
--

GRANT SELECT,USAGE ON SEQUENCE public.equipe_membros_id_seq TO praxis_service_user;


--
-- Name: TABLE equipes; Type: ACL; Schema: public; Owner: neondb_owner
--

GRANT SELECT,INSERT,DELETE,UPDATE ON TABLE public.equipes TO praxis_service_user;


--
-- Name: SEQUENCE equipes_id_seq; Type: ACL; Schema: public; Owner: neondb_owner
--

GRANT SELECT,USAGE ON SEQUENCE public.equipes_id_seq TO praxis_service_user;


--
-- Name: TABLE eventos_folha; Type: ACL; Schema: public; Owner: neondb_owner
--

GRANT SELECT,INSERT,DELETE,UPDATE ON TABLE public.eventos_folha TO praxis_service_user;


--
-- Name: SEQUENCE eventos_folha_id_seq; Type: ACL; Schema: public; Owner: neondb_owner
--

GRANT SELECT,USAGE ON SEQUENCE public.eventos_folha_id_seq TO praxis_service_user;


--
-- Name: TABLE ferias_afastamentos; Type: ACL; Schema: public; Owner: neondb_owner
--

GRANT SELECT,INSERT,DELETE,UPDATE ON TABLE public.ferias_afastamentos TO praxis_service_user;


--
-- Name: SEQUENCE ferias_afastamentos_id_seq; Type: ACL; Schema: public; Owner: neondb_owner
--

GRANT SELECT,USAGE ON SEQUENCE public.ferias_afastamentos_id_seq TO praxis_service_user;


--
-- Name: TABLE folhas_pagamento; Type: ACL; Schema: public; Owner: neondb_owner
--

GRANT SELECT,INSERT,DELETE,UPDATE ON TABLE public.folhas_pagamento TO praxis_service_user;


--
-- Name: SEQUENCE folhas_pagamento_id_seq; Type: ACL; Schema: public; Owner: neondb_owner
--

GRANT SELECT,USAGE ON SEQUENCE public.folhas_pagamento_id_seq TO praxis_service_user;


--
-- Name: TABLE funcionario_habilidades; Type: ACL; Schema: public; Owner: neondb_owner
--

GRANT SELECT,INSERT,DELETE,UPDATE ON TABLE public.funcionario_habilidades TO praxis_service_user;


--
-- Name: SEQUENCE funcionario_habilidades_id_seq; Type: ACL; Schema: public; Owner: neondb_owner
--

GRANT SELECT,USAGE ON SEQUENCE public.funcionario_habilidades_id_seq TO praxis_service_user;


--
-- Name: TABLE funcionarios; Type: ACL; Schema: public; Owner: neondb_owner
--

GRANT SELECT,INSERT,DELETE,UPDATE ON TABLE public.funcionarios TO praxis_service_user;


--
-- Name: SEQUENCE funcionarios_id_seq; Type: ACL; Schema: public; Owner: neondb_owner
--

GRANT SELECT,USAGE ON SEQUENCE public.funcionarios_id_seq TO praxis_service_user;


--
-- Name: TABLE habilidades; Type: ACL; Schema: public; Owner: neondb_owner
--

GRANT SELECT,INSERT,DELETE,UPDATE ON TABLE public.habilidades TO praxis_service_user;


--
-- Name: SEQUENCE habilidades_id_seq; Type: ACL; Schema: public; Owner: neondb_owner
--

GRANT SELECT,USAGE ON SEQUENCE public.habilidades_id_seq TO praxis_service_user;


--
-- Name: TABLE historicos_cargos; Type: ACL; Schema: public; Owner: neondb_owner
--

GRANT SELECT,INSERT,DELETE,UPDATE ON TABLE public.historicos_cargos TO praxis_service_user;


--
-- Name: SEQUENCE historicos_cargos_id_seq; Type: ACL; Schema: public; Owner: neondb_owner
--

GRANT SELECT,USAGE ON SEQUENCE public.historicos_cargos_id_seq TO praxis_service_user;


--
-- Name: TABLE historicos_salariais; Type: ACL; Schema: public; Owner: neondb_owner
--

GRANT SELECT,INSERT,DELETE,UPDATE ON TABLE public.historicos_salariais TO praxis_service_user;


--
-- Name: SEQUENCE historicos_salariais_id_seq; Type: ACL; Schema: public; Owner: neondb_owner
--

GRANT SELECT,USAGE ON SEQUENCE public.historicos_salariais_id_seq TO praxis_service_user;


--
-- Name: TABLE identidades_secretas; Type: ACL; Schema: public; Owner: neondb_owner
--

GRANT SELECT,INSERT,DELETE,UPDATE ON TABLE public.identidades_secretas TO praxis_service_user;


--
-- Name: SEQUENCE identidades_secretas_id_seq; Type: ACL; Schema: public; Owner: neondb_owner
--

GRANT SELECT,USAGE ON SEQUENCE public.identidades_secretas_id_seq TO praxis_service_user;


--
-- Name: TABLE incidentes; Type: ACL; Schema: public; Owner: neondb_owner
--

GRANT SELECT,INSERT,DELETE,UPDATE ON TABLE public.incidentes TO praxis_service_user;


--
-- Name: SEQUENCE incidentes_id_seq; Type: ACL; Schema: public; Owner: neondb_owner
--

GRANT SELECT,USAGE ON SEQUENCE public.incidentes_id_seq TO praxis_service_user;


--
-- Name: TABLE indenizacoes; Type: ACL; Schema: public; Owner: neondb_owner
--

GRANT SELECT,INSERT,DELETE,UPDATE ON TABLE public.indenizacoes TO praxis_service_user;


--
-- Name: SEQUENCE indenizacoes_id_seq; Type: ACL; Schema: public; Owner: neondb_owner
--

GRANT SELECT,USAGE ON SEQUENCE public.indenizacoes_id_seq TO praxis_service_user;


--
-- Name: TABLE licencas_operacao; Type: ACL; Schema: public; Owner: neondb_owner
--

GRANT SELECT,INSERT,DELETE,UPDATE ON TABLE public.licencas_operacao TO praxis_service_user;


--
-- Name: SEQUENCE licencas_operacao_id_seq; Type: ACL; Schema: public; Owner: neondb_owner
--

GRANT SELECT,USAGE ON SEQUENCE public.licencas_operacao_id_seq TO praxis_service_user;


--
-- Name: TABLE mencoes_midia; Type: ACL; Schema: public; Owner: neondb_owner
--

GRANT SELECT,INSERT,DELETE,UPDATE ON TABLE public.mencoes_midia TO praxis_service_user;


--
-- Name: SEQUENCE mencoes_midia_id_seq; Type: ACL; Schema: public; Owner: neondb_owner
--

GRANT SELECT,USAGE ON SEQUENCE public.mencoes_midia_id_seq TO praxis_service_user;


--
-- Name: TABLE missao_eventos; Type: ACL; Schema: public; Owner: neondb_owner
--

GRANT SELECT,INSERT,DELETE,UPDATE ON TABLE public.missao_eventos TO praxis_service_user;


--
-- Name: SEQUENCE missao_eventos_id_seq; Type: ACL; Schema: public; Owner: neondb_owner
--

GRANT SELECT,USAGE ON SEQUENCE public.missao_eventos_id_seq TO praxis_service_user;


--
-- Name: TABLE missao_participantes; Type: ACL; Schema: public; Owner: neondb_owner
--

GRANT SELECT,INSERT,DELETE,UPDATE ON TABLE public.missao_participantes TO praxis_service_user;


--
-- Name: SEQUENCE missao_participantes_id_seq; Type: ACL; Schema: public; Owner: neondb_owner
--

GRANT SELECT,USAGE ON SEQUENCE public.missao_participantes_id_seq TO praxis_service_user;


--
-- Name: TABLE missoes; Type: ACL; Schema: public; Owner: neondb_owner
--

GRANT SELECT,INSERT,DELETE,UPDATE ON TABLE public.missoes TO praxis_service_user;


--
-- Name: SEQUENCE missoes_id_seq; Type: ACL; Schema: public; Owner: neondb_owner
--

GRANT SELECT,USAGE ON SEQUENCE public.missoes_id_seq TO praxis_service_user;


--
-- Name: TABLE reputacoes; Type: ACL; Schema: public; Owner: neondb_owner
--

GRANT SELECT,INSERT,DELETE,UPDATE ON TABLE public.reputacoes TO praxis_service_user;


--
-- Name: SEQUENCE reputacoes_id_seq; Type: ACL; Schema: public; Owner: neondb_owner
--

GRANT SELECT,USAGE ON SEQUENCE public.reputacoes_id_seq TO praxis_service_user;


--
-- Name: TABLE sinais_socorro; Type: ACL; Schema: public; Owner: neondb_owner
--

GRANT SELECT,INSERT,DELETE,UPDATE ON TABLE public.sinais_socorro TO praxis_service_user;


--
-- Name: SEQUENCE sinais_socorro_id_seq; Type: ACL; Schema: public; Owner: neondb_owner
--

GRANT SELECT,USAGE ON SEQUENCE public.sinais_socorro_id_seq TO praxis_service_user;


--
-- Name: TABLE veiculo_missao_usos; Type: ACL; Schema: public; Owner: neondb_owner
--

GRANT SELECT,INSERT,DELETE,UPDATE ON TABLE public.veiculo_missao_usos TO praxis_service_user;


--
-- Name: SEQUENCE veiculo_missao_usos_id_seq; Type: ACL; Schema: public; Owner: neondb_owner
--

GRANT SELECT,USAGE ON SEQUENCE public.veiculo_missao_usos_id_seq TO praxis_service_user;


--
-- Name: TABLE veiculos; Type: ACL; Schema: public; Owner: neondb_owner
--

GRANT SELECT,INSERT,DELETE,UPDATE ON TABLE public.veiculos TO praxis_service_user;


--
-- Name: SEQUENCE veiculos_id_seq; Type: ACL; Schema: public; Owner: neondb_owner
--

GRANT SELECT,USAGE ON SEQUENCE public.veiculos_id_seq TO praxis_service_user;

-- Name: TABLE veiculo_manutencoes; Type: ACL; Schema: public; Owner: neondb_owner
GRANT SELECT,INSERT,DELETE,UPDATE ON TABLE public.veiculo_manutencoes TO praxis_service_user;

-- Name: SEQUENCE veiculo_manutencoes_id_seq; Type: ACL; Schema: public; Owner: neondb_owner
GRANT SELECT,USAGE ON SEQUENCE public.veiculo_manutencoes_id_seq TO praxis_service_user;


--
-- Name: TABLE vw_indicadores_incidentes; Type: ACL; Schema: public; Owner: neondb_owner
--

GRANT SELECT,INSERT,DELETE,UPDATE ON TABLE public.vw_indicadores_incidentes TO praxis_service_user;


--
-- Name: TABLE vw_perfil_heroi; Type: ACL; Schema: public; Owner: neondb_owner
--

GRANT SELECT,INSERT,DELETE,UPDATE ON TABLE public.vw_perfil_heroi TO praxis_service_user;


--
-- Name: TABLE vw_ranking_reputacao; Type: ACL; Schema: public; Owner: neondb_owner
--

GRANT SELECT,INSERT,DELETE,UPDATE ON TABLE public.vw_ranking_reputacao TO praxis_service_user;


--
-- Name: TABLE vw_resumo_missoes; Type: ACL; Schema: public; Owner: neondb_owner
--

GRANT SELECT,INSERT,DELETE,UPDATE ON TABLE public.vw_resumo_missoes TO praxis_service_user;


--
-- Name: DEFAULT PRIVILEGES FOR SEQUENCES; Type: DEFAULT ACL; Schema: public; Owner: cloud_admin
--

ALTER DEFAULT PRIVILEGES FOR ROLE cloud_admin IN SCHEMA public GRANT ALL ON SEQUENCES TO neon_superuser WITH GRANT OPTION;


--
-- Name: DEFAULT PRIVILEGES FOR SEQUENCES; Type: DEFAULT ACL; Schema: public; Owner: neondb_owner
--

ALTER DEFAULT PRIVILEGES FOR ROLE neondb_owner IN SCHEMA public GRANT SELECT,USAGE ON SEQUENCES TO praxis_service_user;


--
-- Name: DEFAULT PRIVILEGES FOR TABLES; Type: DEFAULT ACL; Schema: public; Owner: cloud_admin
--

ALTER DEFAULT PRIVILEGES FOR ROLE cloud_admin IN SCHEMA public GRANT ALL ON TABLES TO neon_superuser WITH GRANT OPTION;


--
-- Name: DEFAULT PRIVILEGES FOR TABLES; Type: DEFAULT ACL; Schema: public; Owner: neondb_owner
--

ALTER DEFAULT PRIVILEGES FOR ROLE neondb_owner IN SCHEMA public GRANT SELECT,INSERT,DELETE,UPDATE ON TABLES TO praxis_service_user;


--
-- PostgreSQL database dump complete
--

\unrestrict O2TSHAlyyBzTKWtY5NT1tjm6VUZEgzHGIqtTwdWfK1W19UVFH0ZVyGo1J5TTfcb
